target;BJD;RV_mlc_nzp;e_RV_mlc_nzp;RV_drs_nzp;e_RV_drs_nzp;RV_mlc;e_RV_mlc;RV_drs;e_RV_drs;RV_mlc_j;e_RV_mlc_j;CRX;e_CRX;dLW;e_dLW;Halpha;e_Halpha;NaD1;e_NaD1;NaD2;e_NaD2;f_RV;FWHM_DRS;CONTRAST_DRS;BIS;RVGUESS;SNR_DRS;BJD_DRS;BERV;BERV_DRS;DRIFT;e_DRIFT;SA;NZP_mlc;dNZP_mlc;NZP_drs;dNZP_drs;TMMEAN;EXPTIME;MLCRX;E_MLCRX;TIMEID;DRIFT_LAMP;MASK;PROGID;PROGPI;AIRMASS;OBHAB;THAR_FP;DPR_TYPE
HD45364;2452984.71004;9.119;0.699;16475.230;0.688;35.8246773187;0.534895209495;16475.5786202;0.47475338332;35.8246773187;0.534895209495;-21.063585393765706;5.436901835267534;-4.32826834122;1.30155279852;0.4481862414261804;0.0005793690199312338;0.27445450954228695;0.0007346885200142999;0.380281444092608;0.0009513389142622944;0;6.14427182717;36.2825800619;0.00670057078966;16.307;128.1;2452984.7093;6.18968349303;6.18422355516;0.325;-9999999;0.000;0.561;0.449;0.349;-9999999;0.5;581.9961;-21.0545239947;5.52799460587;2003-12-11T04:52:08.085;-9999999;K5;072.C-0488(E);M. Mayor;-9999999;HARPS_ech_obs_all;HARPS_ech_obs_thosimult;STAR,WAVE,K0
HD45364;2452999.80865;-1.067;1.020;16464.609;0.934;24.7552640991;0.865896820105;16464.597284;0.80010149859;24.7552640991;0.865896820105;-8.141892356685974;9.027938886088506;-17.0696405344;1.84252853507;0.4444554559527959;0.0010750411960179051;0.2741677888948278;0.001340586571199111;0.36897647570696507;0.001728775229535861;0;6.13215930145;36.3977631981;-0.0018059797378;16.307;72.0;2452999.80791;1.41463724737;1.4100343467;-0.088;-9999999;0.000;-0.323;0.539;-0.012;-9999999;0.54;574.9958;-8.15026909709;9.07106790404;2003-12-26T07:13:31.727;-9999999;K5;072.C-0488(E);Mayor;-9999999;HARPS_ech_obs_all;HARPS_ech_obs_thosimult;STAR,WAVE,K0
HD45364;2453002.71248;-1.286;0.792;16465.213;0.787;25.5336041407;0.659638369902;16466.1093231;0.593768079941;25.5336041407;0.659638369902;-5.3947826790613265;8.066795273000745;-16.4399307292;1.55579317092;0.4445224889534869;0.0008180546496447747;0.27412313215781053;0.0010176408781881728;0.36868878657650267;0.0013141075129534565;0;6.13225968588;36.3909689708;-0.00148701480694;16.307;93.8;2453002.71173;0.702957399997;0.698360792296;0.176;-9999999;0.000;0.675;0.437;0.896;-9999999;0.51;569.9955;-5.39439574151;8.11375036312;2003-12-29T04:55:21.031;-9999999;K5;072.C-0488(E);Mayor;-9999999;HARPS_ech_obs_all;HARPS_ech_obs_thosimult;STAR,WAVE,K0
HD45364;2453036.62964;-16.483;0.938;16448.371;1.079;9.07047480665;0.671676621298;16448.7344175;0.58578672594;9.07047480665;0.671676621298;-7.32038053323855;6.880178560102289;-8.63819020591;1.45397652441;0.44292040229458596;0.0007025054081268544;0.2798323459116902;0.0009011669886522742;0.3794198662051086;0.0011691636597411146;0;6.13623489827;36.3097402725;0.00131470472472;16.307;105.3;2453036.6289;-9.19379465123;-9.19841774459;0.167;-9999999;0.000;-0.592;0.654;0.363;-9999999;0.49;900.0013;-7.33852335308;6.9102523751;2004-02-01T02:54:16.000;-9999999;K5;072.C-0488(E);Mayor;-9999999;HARPS_ech_obs_all;HARPS_ech_obs_thosimult;STAR,WAVE,K0
HD45364;2453046.57797;-13.269;0.877;16453.642;0.949;13.6256189957;0.526448558374;16454.5706471;0.484933605824;13.6256189957;0.526448558374;-19.57401911677625;5.262701267169038;-2.14047606196;1.31331602936;0.4398193341575778;0.0006148353696664958;0.2818722842327535;0.0007841568136557525;0.37717601082092145;0.001010252314155337;0;6.14064149487;36.2633826265;-0.00103231361371;16.307;121.5;2453046.57722;-11.5461781804;-11.5507880956;0.094;-9999999;0.000;0.750;0.702;0.929;-9999999;0.48;732.3973;-19.5839798464;5.32846999948;2004-02-11T01:41:50.691;-9999999;K5;072.C-0488(E);Mayor;-9999999;HARPS_ech_obs_all;HARPS_ech_obs_thosimult;STAR,WAVE,K0
HD45364;2453049.58433;-14.861;0.758;16450.806;0.847;12.2168927229;0.410658204182;16452.8176186;0.365223664329;12.2168927229;0.410658204182;-19.202615922152344;4.710629123590393;-2.53256650099;1.31242619779;0.4459920642451697;0.00044956970328994465;0.2777929791962854;0.0005663519718062414;0.37836280970292746;0.0007283617161728538;0;6.14415970292;36.2346917894;0.00200109339842;16.307;167.8;2453049.58357;-12.241661777;-12.2462725073;-0.184;-9999999;0.000;0.933;0.637;2.012;-9999999;0.5;886.4961;-19.2053844553;4.77158966577;2004-02-14T01:49:38.715;-9999999;K5;072.C-0488(E);Mayor;-9999999;HARPS_ech_obs_all;HARPS_ech_obs_thosimult;STAR,WAVE,K0
HD45364;2453051.65745;-18.661;0.916;16447.725;0.975;9.17956371085;0.582066077126;16449.876118;0.523104984617;9.17956371085;0.582066077126;-5.703058166235139;5.890236610964353;-0.546023824568;1.39385902621;0.44399799823084846;0.0006560069216435206;0.27527142631737195;0.0008266391956629691;0.37718539823911784;0.001065390008991685;0;6.14723780027;36.2466424219;0.000965715397221;16.307;115.0;2453051.65669;-12.8401130855;-12.8447273345;0.401;-9999999;0.000;1.696;0.708;2.151;-9999999;0.48;610.7972;-5.71528438865;5.93000832789;2004-02-16T03:37:33.576;-9999999;K5;072.C-0488(E);Mayor;-9999999;HARPS_ech_obs_all;HARPS_ech_obs_thosimult;STAR,WAVE,K0
HD45364;2453055.6877;-18.057;0.984;16449.217;1.143;10.9582181292;0.623925716371;16451.5812356;0.549274950873;10.9582181292;0.623925716371;-13.50774375085791;6.481417696290123;6.0984184006;1.38371187958;0.44154225666068764;0.000694695500335653;0.27754236828857987;0.0008666659210959995;0.3734933440587862;0.0011047207504343976;0;6.15739668865;36.1793144593;0.00666812120717;16.307;111.1;2453055.68695;-13.7097444738;-13.7143690035;0.102;-9999999;0.000;2.869;0.761;2.364;-9999999;0.49;637.097;-13.5225351248;6.51933410949;2004-02-20T04:21:03.443;-9999999;K5;072.C-0488(E);Mayor;-9999999;HARPS_ech_obs_all;HARPS_ech_obs_thosimult;STAR,WAVE,K0
HD45364;2453060.62075;-24.998;1.023;16441.158;1.114;3.40490593881;0.534494344556;16443.7777794;0.484671754545;3.40490593881;0.534494344556;-10.695659538287428;6.322261747249909;-8.78805958523;1.23547769189;0.44355500089678285;0.0006114165844842537;0.2763439084893922;0.0007717053106276339;0.37403506469414455;0.0009887848042161723;0;6.14484302617;36.3204314222;0.00530008393338;16.307;123.4;2453060.62001;-14.5017724466;-14.5064096864;0.571;-9999999;0.000;2.258;0.873;2.620;-9999999;0.49;899.9954;-10.6979678737;6.33652382249;2004-02-25T02:42:50.103;-9999999;K5;072.C-0488(E);Mayor;-9999999;HARPS_ech_obs_all;HARPS_ech_obs_thosimult;STAR,WAVE,K0
HD45364;2453335.82252;-7.225;0.957;16458.085;0.951;17.9909039457;0.390602071535;16457.5951729;0.35263568493;17.9909039457;0.390602071535;-0.5649499442776367;3.6499387822648472;-11.4002454228;1.51123231503;0.4446832751915088;0.00041939913509566966;0.28022167011179694;0.0005327557593219985;0.3712709626921574;0.0006928738668661823;0;6.14378008582;36.367023576;-0.00205433316296;16.3;174.8;2453335.82177;9.82068901932;9.81607256514;-0.07;-9999999;0.002;-0.930;0.873;-0.492;-9999999;0.52;875.4827;-0.586297091236;3.74807543901;2004-11-26T07:31:53.845;-9999999;K5;072.C-0488(E);Mayor;-9999999;HARPS_ech_obs_all;HARPS_ech_obs_thosimult;STAR,WAVE,K0
HD45364;2453337.82459;-10.917;0.967;16455.183;1.068;14.3790535904;0.414808003284;16454.8843563;0.368108966231;14.3790535904;0.414808003284;7.769251559758612;4.268819165629237;-11.0886120014;1.2113879103;0.44635022808474506;0.0004290388400994421;0.2754452095538804;0.0005430373403018225;0.371965990075715;0.0007038047254860078;0;6.14118673754;36.3276978571;-0.00260089570966;16.3;172.5;2453337.82384;9.30346407924;9.29886836328;0.168;-9999999;0.002;-0.849;0.873;-0.301;-9999999;0.52;875.4828;7.75637460384;4.33639953904;2004-11-28T07:34:47.089;-9999999;K5;072.C-0488(E);Mayor;-9999999;HARPS_ech_obs_all;HARPS_ech_obs_thosimult;STAR,WAVE,K0
HD45364;2453339.79921;-9.482;0.972;16456.319;1.071;15.8963230165;0.42631598227;16456.0525043;0.3768105459;15.8963230165;0.42631598227;10.402137236693932;4.368573627065183;-14.5436044419;1.31460568383;0.44686783204343045;0.0004500414420780679;0.27481847307651047;0.0005640236888349529;0.3816883427656489;0.0007336110582219291;0;6.13491662578;36.3425713338;-0.000130388373226;16.3;166.1;2453339.79846;8.83979420935;8.83520088618;0.383;-9999999;0.002;-0.768;0.873;-0.268;-9999999;0.51;875.4825;10.3852989868;4.44958554751;2004-11-30T06:58:17.917;-9999999;K5;072.C-0488(E);Mayor;-9999999;HARPS_ech_obs_all;HARPS_ech_obs_thosimult;STAR,WAVE,K0
HD45364;2453342.7532;-7.875;1.063;16457.838;1.124;17.5368432396;0.606955194361;16457.6500921;0.50854202505;17.5368432396;0.606955194361;5.558198604518975;5.171221263055122;-6.64587518488;1.23764927278;0.44524870631991814;0.000621727393557982;0.27599088139868655;0.0007912142193566739;0.38060312809595614;0.0010229163202825993;0;6.13568717224;36.3033529576;-0.0014307031553;16.3;119.7;2453342.75246;8.1438236457;8.13921960855;0.084;-9999999;0.002;-0.733;0.873;-0.190;-9999999;0.48;899.9825;5.52916317078;5.23922484179;2004-12-03T05:52:10.368;-9999999;K5;072.C-0488(E);Mayor;-9999999;HARPS_ech_obs_all;HARPS_ech_obs_thosimult;STAR,WAVE,K0
HD45364;2453377.74162;-12.398;0.769;16454.122;0.992;12.8334273935;0.40124783488;16453.4921616;0.336270720435;12.8334273935;0.40124783488;6.562059572240855;3.340671795831961;-8.04450058836;0.963388616321;0.44557742193121014;0.00039429273628904945;0.2695996556795429;0.0004996522201994235;0.3661654407338501;0.0006490086494018696;0;6.13766716774;36.3103808447;-0.00163024806916;16.3;186.6;2453377.74088;-2.38874011409;-2.39334107432;0.491;-9999999;0.002;-0.914;0.656;-0.632;-9999999;0.51;899.976;6.53394938992;3.44000460329;2005-01-07T05:34:32.341;-9999999;K5;072.C-0488(E);Mayor;-9999999;HARPS_ech_obs_all;HARPS_ech_obs_thosimult;STAR,WAVE,K0
HD45364;2453412.61261;-11.661;0.836;16455.678;0.883;14.4198093358;0.52488613487;16455.2047631;0.441471924578;14.4198093358;0.52488613487;6.758565611915069;4.6260244121429475;-9.968273416;1.28616663115;0.44399183078912713;0.0005381591548783533;0.28011803220107195;0.0006797267872296132;0.37333437315939766;0.0008882728464135795;0;6.1350144784;36.3196350275;-0.00198411629007;16.3;138.3;2453412.61187;-11.8113118188;-11.815945425;0.18;-9999999;0.003;-0.064;0.651;-0.476;-9999999;0.5;875.5007;6.76742182771;4.68923149131;2005-02-11T02:30:19.610;-9999999;K5;072.C-0488(E);Mayor;-9999999;HARPS_ech_obs_all;HARPS_ech_obs_thosimult;STAR,WAVE,K0
HD45364;2453467.51115;-5.955;1.063;16461.906;1.125;19.0391994535;0.607019561448;16460.6646287;0.510152925208;19.0391994535;0.607019561448;-7.681934193757268;5.23553943658366;0.0782481995562;0.920433390073;0.44343267185881863;0.0006010291290672656;0.282408614480601;0.0007742435810783881;0.3686799738314082;0.001000801505673464;0;6.14355099299;36.2644691951;0.00124475391262;16.3;121.9;2453467.5104;-17.2490683266;-17.253762229;0.329;-9999999;0.003;-1.151;0.873;-1.244;-9999999;0.53;900.0012;-7.68651675125;5.29061867461;2005-04-07T00:07:40.760;-9999999;K5;072.C-0488(E);Mayor;-9999999;HARPS_ech_obs_all;HARPS_ech_obs_thosimult;STAR,WAVE,K0
HD45364;2453674.80758;4.267;0.935;16470.938;1.038;30.225254175;0.334593916643;16471.1830462;0.270444082627;30.225254175;0.334593916643;7.27745557952907;3.6990621300010065;-0.990600404716;0.902498069174;0.44821056275396826;0.0003409908655456561;0.27482546267593366;0.00042520981130248723;0.38269510428480125;0.0005537591866237239;0;6.13937442131;36.2813939188;-0.000614872385036;16.3;219.6;2453674.80683;15.2431951864;15.2385187613;-0.186;-9999999;0.004;-0.188;0.873;0.241;-9999999;0.51;900.0008;7.2664242487;3.84802574727;2005-10-31T07:11:55.315;-9999999;K5;072.C-0488(E);Mayor;-9999999;HARPS_ech_obs_all;HARPS_ech_obs_thosimult;STAR,WAVE,K0
HD45364;2453695.72376;-4.568;1.068;16462.170;1.077;22.7409789123;0.658720545604;16462.6784444;0.527953617615;22.7409789123;0.658720545604;-0.5375940689410325;5.804955248538684;-11.4502459182;1.3495711871;0.44732053745695116;0.0006711678579408778;0.2760229907975918;0.0008451784704760282;0.3800908690574345;0.0010915824967659155;0;6.1363598194;36.3355987968;-0.00164961152883;16.3;111.9;2453695.72302;11.3492988046;11.3446647794;-0.393;-9999999;0.004;1.164;0.840;0.504;-9999999;0.51;270.0019;-0.541041177573;5.87350877229;2005-11-21T05:15:14.357;-9999999;K5;072.C-0488(E);Mayor;-9999999;HARPS_ech_obs_all;HARPS_ech_obs_thosimult;STAR,WAVE,K0
HD45364;2453695.72724;-6.279;1.048;16461.499;1.064;21.0292658095;0.625849275028;16462.0001961;0.501239040307;21.0292658095;0.625849275028;3.6208711706198864;6.576921867219101;-13.3702353061;1.18148220843;0.44694892154032295;0.0006395854302839555;0.2759597718412459;0.0008034960886112516;0.3791271107280819;0.0010368232768589013;0;6.13234904941;36.3560129237;-0.00258398511985;16.3;117.6;2453695.72649;11.3417228675;11.337104809;-0.206;-9999999;0.004;1.163;0.840;0.497;-9999999;0.51;270.0026;3.61625566726;6.63333993758;2005-11-21T05:20:15.148;-9999999;K5;072.C-0488(E);Mayor;-9999999;HARPS_ech_obs_all;HARPS_ech_obs_thosimult;STAR,WAVE,K0
HD45364;2453695.7307;-6.109;1.035;16460.892;1.056;21.1981234012;0.604906526891;16461.3857126;0.483597369819;21.1981234012;0.604906526891;4.593299114218849;4.907081479768279;-13.0512145791;1.06942625972;0.44772362827171563;0.0006194007056710197;0.2749927937838714;0.0007743609404753989;0.379805333221665;0.0010022793106022909;0;6.13181012227;36.3509344231;-0.00136168395537;16.3;121.6;2453695.72995;11.3341220156;11.3294968684;-0.341;-9999999;0.004;1.162;0.840;0.490;-9999999;0.5;269.9989;4.5924158215;4.9879865056;2005-11-21T05:25:16.729;-9999999;K5;072.C-0488(E);Mayor;-9999999;HARPS_ech_obs_all;HARPS_ech_obs_thosimult;STAR,WAVE,K0
HD45364;2453695.73422;-6.225;1.029;16461.254;1.052;21.0805582846;0.593673100206;16461.740958;0.475349956699;21.0805582846;0.593673100206;14.819562489208094;4.833557624104008;-11.7650155015;1.43865272421;0.4476815488651324;0.0006099819076027149;0.275525347099309;0.0007628213876889465;0.38069416687928187;0.000988227957428613;0;6.13028621382;36.3518118685;-0.00174022368098;16.3;123.5;2453695.73347;11.3263323989;11.3216906237;-0.298;-9999999;0.004;1.161;0.840;0.483;-9999999;0.51;270.0001;14.8362079082;4.9129349037;2005-11-21T05:30:17.530;-9999999;K5;072.C-0488(E);Mayor;-9999999;HARPS_ech_obs_all;HARPS_ech_obs_thosimult;STAR,WAVE,K0
HD45364;2453695.73768;-5.494;1.049;16461.273;1.064;21.8109703434;0.627894747514;16461.7539272;0.501790814527;21.8109703434;0.627894747514;21.86919137902541;5.973790893243797;-15.1454119146;1.34289141176;0.44797827412190083;0.0006418201594910266;0.27561908861476325;0.0008046528676603785;0.38352324144431715;0.0010460849292324742;0;6.12783436815;36.3636396407;-0.0034279091338;16.3;117.3;2453695.73693;11.3185883153;11.3139454269;0.02;-9999999;0.004;1.160;0.840;0.477;-9999999;0.5;270.0005;21.8764762964;6.03310044515;2005-11-21T05:35:19.350;-9999999;K5;072.C-0488(E);Mayor;-9999999;HARPS_ech_obs_all;HARPS_ech_obs_thosimult;STAR,WAVE,K0
HD45364;2453759.60335;-25.785;0.965;16440.562;1.056;0.321662091405;0.410581444553;16440.4679522;0.331200161636;0.321662091405;0.410581444553;-2.0650010618448094;3.827251299198953;-1.51196487952;0.870123302608;0.4437084507708183;0.00041468855327741474;0.27937567161953236;0.0005208208494938671;0.3703699020115993;0.0006774271437223533;0;6.1405213211;36.2766415022;-0.00248788078136;16.3;180.4;2453759.60271;-7.05826505624;-7.06312575498;0.175;-9999999;0.005;-0.038;0.873;-0.099;-9999999;0.47;899.9995;-2.05076957694;3.83091348636;2006-01-24T02:16:22.109;-9999999;K5;072.C-0488(E);Mayor;-9999999;HARPS_ech_obs_all;HARPS_ech_obs_thosimult;STAR,WAVE,K0
HD45364;2453761.61851;-27.071;0.985;16439.720;0.836;-0.96927995604;0.455103551397;16439.4233174;0.369181668609;-0.96927995604;0.455103551397;-0.99365936344068;3.534375161596234;-4.28744462977;1.05799840442;0.44359370219801264;0.00046185686663192715;0.27948548499200154;0.0005811058828558523;0.3786221372009718;0.0007545226433265595;0;6.13991126322;36.2973569943;-0.00170142794386;16.3;162.3;2453761.61787;-7.66154948452;-7.66641680297;-0.195;-9999999;0.005;-0.043;0.873;-0.302;-9999999;0.48;900.0019;-1.00615981989;3.52629336876;2006-01-26T02:38:07.075;-9999999;K5;072.C-0488(E);Mayor;-9999999;HARPS_ech_obs_all;HARPS_ech_obs_thosimult;STAR,WAVE,K0
HD45364;2453764.65167;-26.325;0.930;16440.152;0.956;-0.231588831429;0.319494400924;16441.0057111;0.254189193003;-0.231588831429;0.319494400924;3.7105272465024104;3.306335850891584;-8.04855628859;0.809335417894;0.4405102654540189;0.0003188549292986659;0.2802678329027994;0.0004005113460115706;0.3696359329575968;0.0005193840180051343;0;6.13406581999;36.3109627096;-0.0033551870039;16.3;235.5;2453764.65104;-8.57339767046;-8.57826002688;0.12;-9999999;0.005;-0.052;0.873;0.849;-9999999;0.48;900.0001;3.70168422475;3.3060180053;2006-01-29T03:25:59.833;-9999999;K5;072.C-0488(E);Mayor;-9999999;HARPS_ech_obs_all;HARPS_ech_obs_thosimult;STAR,WAVE,K0
HD45364;2453782.66205;-23.785;0.700;16442.897;0.639;1.75420751718;0.487821938128;16441.8759222;0.390587730278;1.75420751718;0.487821938128;2.5892941605833943;3.730037206392195;-1.49031212585;1.03811459958;0.43822925405545476;0.0004556633270015776;0.2779404640062435;0.000595761137248495;0.3752386809398062;0.0007615303316487334;0;6.14127631365;36.2726474084;-0.00418507322394;16.3;160.0;2453782.66141;-12.945707559;-12.9505462493;1.367;-9999999;0.005;-0.606;0.501;-1.026;-9999999;0.5;900.0011;2.57623357535;3.74988889208;2006-02-16T03:41:34.157;-9999999;K5;072.C-0488(E);Mayor;-9999999;HARPS_ech_obs_all;HARPS_ech_obs_thosimult;STAR,WAVE,K0
HD45364;2453787.63821;-20.257;0.900;16446.603;0.964;5.58581414003;0.388267726425;16446.4122893;0.31255625487;5.58581414003;0.388267726425;8.425891142970286;3.245501131241718;-0.329896048324;0.760747976275;0.4483547809604165;0.00039894610439684746;0.2820690546246918;0.0004958379191236299;0.3777381280237869;0.0006417426769179615;0;6.13704763589;36.2657635583;-0.00211906897052;16.3;189.9;2453787.63757;-13.8933307635;-13.8981778275;-0.32;-9999999;0.005;-0.302;0.812;-0.196;-9999999;0.5;900.0015;8.41619154155;3.28891502471;2006-02-21T03:07:32.708;-9999999;K5;072.C-0488(E);Mayor;-9999999;HARPS_ech_obs_all;HARPS_ech_obs_thosimult;STAR,WAVE,K0
HD45364;2453809.55603;-12.375;0.795;16454.912;0.808;12.5839801379;0.374357929175;16453.5645249;0.301469620607;12.5839801379;0.374357929175;3.7967681175531447;3.2871200637492946;-1.15519013204;0.965730492346;0.4430572289687439;0.0003697272532409826;0.27637092038296424;0.00046735932416297417;0.37271086860763747;0.0005996740255187844;0;6.13675093746;36.2626344556;-0.00362034962704;16.3;201.6;2453809.55539;-16.7505234132;-16.7554051797;-0.12;-9999999;0.005;-1.186;0.702;-1.352;-9999999;0.49;899.9981;3.82250406026;3.3617260646;2006-03-15T01:10:59.068;-9999999;K5;072.C-0488(E);Mayor;-9999999;HARPS_ech_obs_all;HARPS_ech_obs_thosimult;STAR,WAVE,K0
HD45364;2453811.58687;-12.564;0.808;16454.515;0.857;14.5189915212;0.402262573557;16455.1881543;0.324189688203;14.5189915212;0.402262573557;4.53373652898875;3.957052021396072;-0.536815104365;0.855268411989;0.44483905390582124;0.00041387957830268235;0.27653687469729105;0.0005155591833275042;0.37583560400758975;0.0006646659762726463;0;6.13757063033;36.2659756998;0.000891964608186;16.3;183.0;2453811.58624;-16.9674987485;-16.9723862663;0.566;-9999999;0.005;0.937;0.701;0.668;-9999999;0.52;899.9999;4.54668305654;4.02474109887;2006-03-17T01:55:06.242;-9999999;K5;072.C-0488(E);Mayor;-9999999;HARPS_ech_obs_all;HARPS_ech_obs_thosimult;STAR,WAVE,K0
HD45364;2453814.57905;-13.031;0.953;16454.255;1.048;12.7241343576;0.381900908389;16453.5911905;0.307234650627;12.7241343576;0.381900908389;-1.3881221812839517;3.4205908692384774;-6.77216765298;0.817548726921;0.44328572959231993;0.00038960627044794325;0.28273165596726196;0.00048751460582195926;0.36360379235506984;0.0006253097487607381;0;6.13326152934;36.2952839115;-0.00101176013979;16.3;193.6;2453814.57841;-17.1521871528;-17.1570566978;-0.095;-9999999;0.005;-0.390;0.873;-0.669;-9999999;0.49;899.9983;-1.37694244506;3.49160021067;2006-03-20T01:44:31.952;-9999999;K5;072.C-0488(E);Mayor;-9999999;HARPS_ech_obs_all;HARPS_ech_obs_thosimult;STAR,WAVE,K0
HD45364;2453815.4922;-11.641;0.954;16456.239;1.050;14.208497599;0.385156046471;16455.7426928;0.311027636545;14.208497599;0.385156046471;6.413294556533127;3.152928858356756;-4.70202887954;0.811877119233;0.4444731613845114;0.00038737718535952103;0.2775962382572883;0.0004884897391682996;0.3748796351303078;0.000627178973934318;0;6.13720828355;36.2872661407;-0.00168093622869;16.3;193.4;2453815.49157;-17.0327227132;-17.0376441106;0.318;-9999999;0.005;-0.296;0.873;-0.501;-9999999;0.5;900.0009;6.42947059792;3.23097949046;2006-03-20T23:39:23.334;-9999999;K5;072.C-0488(E);Mayor;-9999999;HARPS_ech_obs_all;HARPS_ech_obs_thosimult;STAR,WAVE,K0
HD45364;2453817.60677;-10.409;0.999;16457.476;0.923;15.5579943329;0.484540890071;16456.7145751;0.392078036652;15.5579943329;0.484540890071;0.3213600705044491;4.968648520183694;-5.92524257603;0.916636723379;0.44333252469336204;0.00047234040297078046;0.2826192898387091;0.0006041674211063541;0.37179912647074326;0.0007742766477584843;0;6.13686975721;36.2918074597;-0.00227527243666;16.3;156.3;2453817.60612;-17.3492732509;-17.3540850321;0.104;-9999999;0.005;-0.178;0.873;-0.766;-9999999;0.44;900.0014;0.315490187083;5.02620982636;2006-03-23T02:25:26.571;-9999999;K5;072.C-0488(E);Mayor;-9999999;HARPS_ech_obs_all;HARPS_ech_obs_thosimult;STAR,WAVE,K0
HD45364;2453833.56191;-1.864;0.964;16465.154;1.055;24.0952924812;0.408168729228;16464.9348829;0.32797603052;24.0952924812;0.408168729228;10.148676114435064;3.823737718887465;-2.15732753563;0.848603879307;0.44422897078452206;0.00041548769560180606;0.2830900002325571;0.000518233780571429;0.37290897501017156;0.0006653345260624526;0;6.13837300797;36.2739360039;-0.00259837963913;16.3;182.4;2453833.56127;-17.2934942571;-17.2983421554;-0.295;-9999999;0.005;-0.186;0.873;-0.224;-9999999;0.47;900.0002;10.157800093;3.92973316524;2006-04-08T01:21:42.911;-9999999;K5;072.C-0488(E);Mayor;-9999999;HARPS_ech_obs_all;HARPS_ech_obs_thosimult;STAR,WAVE,K0
HD45364;2453861.47435;13.634;0.982;16479.015;0.790;40.0736385751;0.448855542032;16480.2604352;0.370110374339;40.0736385751;0.448855542032;1.825341241090576;3.814436895135257;4.85392304156;0.928514818827;0.44196863623439947;0.0004355016298497946;0.2831622802352808;0.0005609431099948568;0.37415355608149115;0.0007202491458941169;0;6.1473714875;36.2311990335;-0.00337803061068;16.3;168.2;2453861.4737;-14.2266756059;-14.2315716532;-0.229;-9999999;0.005;0.295;0.873;1.240;-9999999;0.47;899.9981;1.82284292637;3.94912588582;2006-05-05T23:17:44.444;-9999999;K5;072.C-0488(E);Mayor;-9999999;HARPS_ech_obs_all;HARPS_ech_obs_thosimult;STAR,WAVE,K0
HD45364;2453863.47484;10.547;0.927;16477.620;0.998;37.953676292;0.367757789164;16478.915651;0.296963895692;37.953676292;0.367757789164;3.9010069593730803;3.362426951341406;-1.79360489093;0.815230503736;0.44791258262053535;0.0003784663520636208;0.2824790848403014;0.000469156264055051;0.3771818320849702;0.0006069297115799382;0;6.13815149581;36.2742893502;-0.000446554208033;16.3;200.7;2453863.4742;-13.8861004992;-13.8909932515;0.363;-9999999;0.005;1.262;0.850;1.291;-9999999;0.49;900.0006;3.89281544539;3.51601984841;2006-05-07T23:18:16.892;-9999999;K5;072.C-0488(E);Mayor;-9999999;HARPS_ech_obs_all;HARPS_ech_obs_thosimult;STAR,WAVE,K0
HD45364;2453865.46825;12.442;0.943;16478.708;1.042;38.4647680199;0.357292245275;16479.0424084;0.285469571828;38.4647680199;0.357292245275;1.9927498942959863;3.3594682647220084;-7.77852196241;0.707469506349;0.44418943636023117;0.0003622479205991073;0.2760408360887458;0.0004502277994825208;0.37687762136268;0.0005818069315163867;0;6.13434620326;36.3062775334;0.000437064422897;16.3;209.3;2453865.46761;-13.5224341681;-13.5273234694;0.176;-9999999;0.005;-0.122;0.873;0.329;-9999999;0.49;900.0014;1.98864684072;3.49769982499;2006-05-09T23:08:55.148;-9999999;K5;072.C-0488(E);Mayor;-9999999;HARPS_ech_obs_all;HARPS_ech_obs_thosimult;STAR,WAVE,K0
HD45364;2453868.46677;13.358;0.980;16479.776;1.065;39.1679921312;0.444831493393;16480.1128832;0.359469881128;39.1679921312;0.444831493393;-1.0846442050112164;4.595086011998174;-0.168503231762;0.880267956637;0.44480407032262653;0.00045137642991325395;0.2757885009649511;0.0005623191326088303;0.3788073942904972;0.000728805180467453;0;6.13985256612;36.2624416086;-0.00074037307494;16.3;167.4;2453868.46613;-12.9616870614;-12.9665850483;-0.414;-9999999;0.005;-0.335;0.873;0.332;-9999999;0.49;899.9992;-1.09540006906;4.70486653621;2006-05-12T23:06:58.946;-9999999;K5;072.C-0488(E);Mayor;-9999999;HARPS_ech_obs_all;HARPS_ech_obs_thosimult;STAR,WAVE,K0
HD45364;2454077.78063;-12.043;0.832;16454.538;0.952;13.8591688174;0.410493701284;16453.7342863;0.332719292875;13.8591688174;0.410493701284;4.925905298123513;4.1431343222731245;1.14962299064;0.749056691511;0.44613619327424775;0.0004245431317695027;0.2819024545388447;0.0005213316728555005;0.3712543374091678;0.000675960651238002;0;6.1406170671;36.257478777;-0.00313041027421;16.3;180.1;2454077.77999;6.81425838164;6.8093951897;-0.116;-9999999;0.007;-0.243;0.724;-0.811;-9999999;0.49;875.4994;4.94522985346;4.19768587085;2006-12-08T06:31:31.145;-9999999;K5;072.C-0488(E);Mayor;-9999999;HARPS_ech_obs_all;HARPS_ech_obs_thosimult;STAR,WAVE,K0
HD45364;2454079.72022;-12.466;0.892;16453.808;0.937;13.8850591659;0.448966885537;16453.6677216;0.362436958631;13.8850591659;0.448966885537;1.4094228297217968;4.08810583766639;1.04559509085;0.938180782196;0.44765845183071756;0.0004507153638065123;0.2766320256703713;0.000564011848199822;0.3798809113863867;0.0007284610709212738;0;6.14303756249;36.2639191085;-0.00225288478536;16.3;167.1;2454079.71958;6.3896055528;6.38471467953;0.667;-9999999;0.007;0.206;0.771;-0.147;-9999999;0.51;875.5003;1.42677649257;4.1612444993;2006-12-10T05:04:10.088;-9999999;K5;072.C-0488(E);Mayor;-9999999;HARPS_ech_obs_all;HARPS_ech_obs_thosimult;STAR,WAVE,K0
HD45364;2454081.75231;-14.029;1.020;16451.945;1.089;12.5104182178;0.527383218796;16452.1596642;0.426435816802;12.5104182178;0.527383218796;10.153094852665458;4.147555556790558;-4.73402812936;0.978517354687;0.4471680987917741;0.0005482259976912459;0.2749561444636104;0.000675985179911199;0.378642423679271;0.000874765405077324;0;6.13609401594;36.2996126433;-0.00150859401409;16.3;139.8;2454081.75167;5.72891761931;5.72405591643;-1.378;-9999999;0.007;0.393;0.873;0.208;-9999999;0.5;875.4997;10.1646024244;4.20503945499;2006-12-12T05:50:28.118;-9999999;K5;072.C-0488(E);Mayor;-9999999;HARPS_ech_obs_all;HARPS_ech_obs_thosimult;STAR,WAVE,K0
HD45364;2454115.65455;-8.822;1.187;16457.810;1.092;18.1935832489;1.00365049936;16457.8158769;0.798952030885;18.1935832489;1.00365049936;5.322446655571443;7.975900400955241;-1.69028380689;1.7375287397;0.44570685273026284;0.0010390404251061315;0.2771934873921129;0.0012890181459064556;0.37790729857970745;0.001677200509999411;0;6.14763080487;36.2756069626;0.00261108491193;16.3;74.8;2454115.65395;-4.47048178792;-4.47541678027;-0.519;-9999999;0.007;0.871;0.633;-0.001;-9999999;0.59;875.5001;5.29884545501;8.01922822939;2007-01-15T03:28:16.771;-9999999;K5;072.C-0488(E);Mayor;-9999999;HARPS_ech_obs_all;HARPS_ech_obs_thosimult;STAR,WAVE,K0
HD45364;2454136.62699;-11.517;0.720;16455.242;0.600;16.1606553097;0.394144127302;16456.6282936;0.318757020149;16.1606553097;0.394144127302;4.51847298974189;4.121667834601434;-5.06911139254;0.729644605502;0.44475723579440196;0.00042450974941126297;0.27530540435896356;0.0005175502979063583;0.3786754779806769;0.0006710549535573884;0;6.13800516962;36.3008501603;-0.00201377450459;16.3;182.4;2454136.62634;-10.2729270808;-10.2777860681;0.312;-9999999;0.007;1.533;0.603;1.379;-9999999;0.47;900.0055;4.52453004471;4.20189552539;2007-02-05T02:50:53.399;-9999999;K5;072.C-0488(E);Mayor;-9999999;HARPS_ech_obs_all;HARPS_ech_obs_thosimult;STAR,WAVE,K0
HD45364;2454167.56103;-8.200;0.826;16458.641;0.802;18.5881072885;0.374470188232;16459.4835192;0.300276351861;18.5881072885;0.374470188232;6.016660591116611;3.642550856989827;-5.65433274924;0.715393861594;0.44253735280383916;0.00037249674300708846;0.27573129395090806;0.00046524811515467787;0.37285102463050207;0.0005980710583468535;0;6.13836147237;36.3071447392;-0.00424253289378;16.3;202.5;2454167.56039;-16.0191606821;-16.0240336539;0.327;-9999999;0.007;0.642;0.737;0.836;-9999999;0.48;899.9951;6.04859813534;3.73082504587;2007-03-08T01:17:45.345;-9999999;K5;072.C-0488(E);Mayor;-9999999;HARPS_ech_obs_all;HARPS_ech_obs_thosimult;STAR,WAVE,K0
HD45364;2454171.5644;-5.853;0.795;16460.683;0.830;19.5873266972;0.350137445625;16459.9694282;0.280369514975;19.5873266972;0.350137445625;9.297006007887942;3.0431840957667067;-8.32806348362;0.818399153651;0.441139478305295;0.0003450230319988676;0.2827781899627724;0.00043355245830608587;0.36937910369856686;0.0005545118502601365;0;6.13558359387;36.3156294727;-0.003002606483;16.3;217.9;2454171.56376;-16.4727518142;-16.4776156771;-0.38;-9999999;0.007;-0.706;0.714;-0.721;-9999999;0.49;899.9941;9.31437937315;3.17143402194;2007-03-12T01:22:46.200;-9999999;K5;072.C-0488(E);Mayor;-9999999;HARPS_ech_obs_all;HARPS_ech_obs_thosimult;STAR,WAVE,K0
HD45364;2454196.51378;-4.028;0.972;16462.880;1.061;22.390757743;0.427372301446;16462.9562492;0.345870370481;22.390757743;0.427372301446;3.012650958068846;4.3490599062492485;-5.15618337386;0.830799025801;0.4444247888321496;0.0004346563171691014;0.28235433285115896;0.000540817661418327;0.3722757838989429;0.0006948110747005964;0;6.13969738652;36.2925414255;-0.00295047880128;16.3;174.6;2454196.51313;-17.2932758891;-17.2981764231;0.342;-9999999;0.008;0.274;0.873;0.068;-9999999;0.49;899.9991;3.03190650092;4.43082151534;2007-04-06T00:11:54.356;-9999999;K5;072.C-0488(E);Mayor;-9999999;HARPS_ech_obs_all;HARPS_ech_obs_thosimult;STAR,WAVE,K0
HD45364;2454202.54735;-1.682;0.981;16464.786;1.032;24.5134771808;0.447978848914;16465.3559071;0.368314831535;24.5134771808;0.447978848914;-0.7408287165588907;4.459584830951215;-2.3262604579;0.624952544572;0.4441566266499323;0.0004491833408498544;0.28115786302564294;0.0005634734097665065;0.3663046828803993;0.0007285155747998925;0;6.14194878603;36.2856731851;-0.00463987720026;16.3;167.1;2454202.54672;-17.0989603813;-17.103815492;0.101;-9999999;0.008;0.050;0.873;0.562;-9999999;0.49;899.9965;-0.728805315139;4.54274339833;2007-04-12T01:00:44.990;-9999999;K5;072.C-0488(E);Mayor;-9999999;HARPS_ech_obs_all;HARPS_ech_obs_thosimult;STAR,WAVE,K0
HD45364;2454225.52765;2.884;1.234;16471.517;1.223;29.1457933037;0.872173777289;16471.3967547;0.700196077581;29.1457933037;0.872173777289;-3.123788836633476;7.817987749493913;5.28980828481;1.61167197587;0.4431403548864937;0.000841673472343021;0.2765893376283098;0.001086468007857886;0.37877108160250983;0.0014023721013936802;0;6.14914059606;36.2307374562;-0.00185689848165;16.3;88.5;2454225.52699;-14.4911502102;-14.4959736352;0.079;-9999999;0.008;0.117;0.873;-0.128;-9999999;0.42;899.9996;-3.14348268888;7.86359471336;2007-05-05T00:35:09.273;-9999999;K5;072.C-0488(E);Mayor;-9999999;HARPS_ech_obs_all;HARPS_ech_obs_thosimult;STAR,WAVE,K0
HD45364;2454233.4714;5.468;1.675;16471.689;1.514;31.7329312658;1.51219364963;16472.1701819;1.34630943076;31.7329312658;1.51219364963;-8.273019255467092;13.97525372760141;-0.230702107183;3.61456479654;0.4516404485789336;0.0014629166998830923;0.27719284839592817;0.0019097596010201245;0.3784054645148076;0.002450957211062384;0;6.14564051438;36.2573674594;0.000133432573172;16.3;52.5;2454233.47074;-13.0296667735;-13.0345414379;0.022;-9999999;0.008;0.120;0.720;0.473;-9999999;0.41;900.0042;-8.28493226124;13.977965763;2007-05-12T23:14:49.500;-9999999;K5;072.C-0488(E);Mayor;-9999999;HARPS_ech_obs_all;HARPS_ech_obs_thosimult;STAR,WAVE,K0
HD45364;2454314.93142;20.028;1.119;16486.291;1.152;46.765907655;0.698898954772;16486.6366492;0.566880207939;46.765907655;0.698898954772;10.855879064297644;5.568546724924786;10.303405276;1.24640265348;0.44941659252039295;0.000693909441659435;0.275714223962652;0.0008755126719721659;0.38202649087086815;0.0011362102756222506;0;6.15064472104;36.2064947099;-0.00225494676836;16.3;108.4;2454314.93078;8.93708077499;8.93223258872;0.234;-9999999;0.008;0.593;0.873;0.338;-9999999;0.5;899.9988;10.8512305194;5.56383126269;2007-08-02T10:16:51.194;-9999999;K5;072.C-0488(E);Mayor;-9999999;HARPS_ech_obs_all;HARPS_ech_obs_thosimult;STAR,WAVE,K0
HD45364;2454319.91896;21.421;1.028;16488.476;1.112;48.0993364526;0.592952309952;16488.845811;0.480499070539;48.0993364526;0.592952309952;-3.227944300548422;4.700794475060074;12.9471617261;1.00458832152;0.4489037005532852;0.0005765087845565757;0.2810139362722328;0.0007239942585520504;0.37381846807737507;0.0009432787801861104;0;6.15550391311;36.18906215;-0.00311815452632;16.3;129.5;2454319.91833;10.1462912338;10.141432465;0.002;-9999999;0.008;0.533;0.840;0.362;-9999999;0.49;899.9994;-3.23037411564;4.67910693881;2007-08-07T09:58:50.555;-9999999;K5;072.C-0488(E);Mayor;-9999999;HARPS_ech_obs_all;HARPS_ech_obs_thosimult;STAR,WAVE,K0
HD45364;2454343.91572;12.825;1.011;16479.303;1.085;39.0254245188;0.509431123702;16479.2222581;0.413800942653;39.0254245188;0.509431123702;2.152181869188725;4.943036841106117;0.0183183118062;1.06206400115;0.44834453779898287;0.0005068504013842517;0.2831261774921821;0.0006330708444951333;0.3721963031187449;0.000819277329670737;0;6.14336822456;36.2790134215;-2.20555364798e-05;16.3;148.4;2454343.91507;14.79817886;14.7932559314;0.145;-9999999;0.008;0.055;0.873;-0.089;-9999999;0.47;899.9969;2.14458271691;5.01752491531;2007-08-31T09:53:02.677;-9999999;K5;072.C-0488(E);Mayor;-9999999;HARPS_ech_obs_all;HARPS_ech_obs_thosimult;STAR,WAVE,K0
HD45364;2454345.90112;11.539;0.856;16478.695;0.805;36.7714105649;0.393819291774;16477.2353933;0.314462673661;36.7714105649;0.393819291774;-3.7241540940157862;4.013956053003845;-1.31429690379;0.786440610637;0.4463652095528327;0.000387967067649062;0.2745998861863756;0.0004811167019134922;0.3800492695196802;0.0006243551166638195;0;6.1390719194;36.2908387579;-0.00268029608628;16.3;194.2;2454345.90047;15.1117937001;15.1068937406;0.199;-9999999;0.008;-0.913;0.760;-1.468;-9999999;0.47;899.9976;-3.7289941387;4.13441275958;2007-09-02T09:31:52.849;-9999999;K5;072.C-0488(E);Mayor;-9999999;HARPS_ech_obs_all;HARPS_ech_obs_thosimult;STAR,WAVE,K0
HD45364;2454347.89605;11.300;1.366;16477.193;1.309;37.5303990883;1.0509789263;16477.0564537;0.842179736309;37.5303990883;1.0509789263;17.218800370139345;8.622314131848169;-0.200597860124;1.83830021305;0.44414295828794864;0.0010453161667659102;0.2742302483264106;0.001321672167841328;0.3742748772716891;0.0017158468561965286;0;6.15139177186;36.2561505083;-0.00594992776203;16.3;73.0;2454347.89541;15.3955062961;15.3905946377;0.356;-9999999;0.008;0.085;0.873;-0.145;-9999999;0.47;150.0011;17.2038211784;8.65947175452;2007-09-04T09:30:18.789;-9999999;K5;072.C-0488(E);Mayor;-9999999;HARPS_ech_obs_all;HARPS_ech_obs_thosimult;STAR,WAVE,K0
HD45364;2454347.89809;10.726;1.362;16475.880;1.309;36.9556796388;1.04541650386;16475.7385805;0.841400719936;36.9556796388;1.04541650386;12.3778384762204;8.772486336688845;-4.52978752574;1.9360657716;0.4463134057328098;0.001047648723361894;0.2736685122640943;0.001317828332555156;0.3776025266244425;0.0017211343223973352;0;6.14285171117;36.293333232;-0.00725455424301;16.3;73.1;2454347.89745;15.392416443;15.3875013043;0.038;-9999999;0.008;0.085;0.873;-0.149;-9999999;0.44;150.0006;12.3753092835;8.81054792325;2007-09-04T09:33:19.750;-9999999;K5;072.C-0488(E);Mayor;-9999999;HARPS_ech_obs_all;HARPS_ech_obs_thosimult;STAR,WAVE,K0
HD45364;2454347.90019;10.658;1.332;16475.019;1.286;36.8866305012;1.00557131519;16474.873678;0.805664902908;36.8866305012;1.00557131519;8.574111341739789;8.769875279228433;-4.20579793261;2.14012855227;0.4442441588508754;0.0010095399284181432;0.277755138921955;0.0012797901954483789;0.37229591310745924;0.0016480708040883067;0;6.14570119591;36.2897638507;-0.00507531471604;16.3;75.6;2454347.89954;15.3892050096;15.3843011895;0.169;-9999999;0.008;0.084;0.873;-0.153;-9999999;0.44;150.0015;8.57607951175;8.80333036727;2007-09-04T09:36:20.941;-9999999;K5;072.C-0488(E);Mayor;-9999999;HARPS_ech_obs_all;HARPS_ech_obs_thosimult;STAR,WAVE,K0
HD45364;2454347.90231;10.113;1.289;16477.012;1.255;36.3418294757;0.948425368796;16476.8629321;0.755240906022;36.3418294757;0.948425368796;8.891268762880177;7.631952629421289;-5.6020430609;1.78772145156;0.4479151883926036;0.0009553690364395755;0.2746438242134943;0.0012010506372605058;0.3747718315189599;0.0015621868268656264;0;6.13759126306;36.3026306251;-0.00648714147832;16.3;79.9;2454347.90166;15.3859233227;15.3810071328;0.251;-9999999;0.008;0.084;0.873;-0.157;-9999999;0.45;150.0001;8.87994074816;7.66965998994;2007-09-04T09:39:22.382;-9999999;K5;072.C-0488(E);Mayor;-9999999;HARPS_ech_obs_all;HARPS_ech_obs_thosimult;STAR,WAVE,K0
HD45364;2454347.90437;13.123;1.298;16479.566;1.261;39.3508371982;0.961136111015;16479.4125349;0.765387102856;39.3508371982;0.961136111015;23.30228182508716;8.270553944156003;-8.51104461648;2.00645795002;0.4504574341561582;0.0009713549182788675;0.27491599741196676;0.001217384970676949;0.3709843596899091;0.0015734200434168904;0;6.14242970675;36.3262439446;-0.00230243560875;16.3;79.0;2454347.90372;15.3826860953;15.3777849368;0.395;-9999999;0.008;0.083;0.873;-0.161;-9999999;0.43;150.0004;23.3010270844;8.30300251895;2007-09-04T09:42:23.763;-9999999;K5;072.C-0488(E);Mayor;-9999999;HARPS_ech_obs_all;HARPS_ech_obs_thosimult;STAR,WAVE,K0
HD45364;2454349.88851;11.284;0.993;16477.045;1.020;37.4648673698;0.472297711569;16476.8575253;0.379422221507;37.4648673698;0.472297711569;0.562254413688874;3.9242435929351345;-0.262107111053;0.947005580227;0.4494969648741731;0.0004673335717218717;0.28111733645718445;0.0005807606070391006;0.3790724928943941;0.0007526748003984379;0;6.1446765543;36.2677792913;-0.00473896963539;16.3;161.1;2454349.88787;15.6665527405;15.6616422985;0.122;-9999999;0.008;0.035;0.873;-0.195;-9999999;0.47;899.9996;0.553693989392;4.06597894759;2007-09-06T09:13:26.032;-9999999;K5;072.C-0488(E);Mayor;-9999999;HARPS_ech_obs_all;HARPS_ech_obs_thosimult;STAR,WAVE,K0
HD45364;2454385.80612;-5.606;0.985;16460.164;1.025;20.0220450429;0.607320628278;16459.3035575;0.490199970762;20.0220450429;0.607320628278;-2.282883293281265;5.0906084053033425;6.10794322514;1.27118562592;0.44410271701184423;0.0006065600457172854;0.27996822143632866;0.0007520926167900399;0.37964632512463087;0.0009760995564489449;0;6.1523546764;36.2284516092;-0.00403339241053;16.3;124.7;2454385.80548;17.2020106989;17.1971575564;0.283;-9999999;0.009;-0.517;0.775;-0.869;-9999999;0.47;899.9969;-2.31515479945;5.15634171299;2007-10-12T07:11:54.166;-9999999;K5;072.C-0488(E);Mayor;-9999999;HARPS_ech_obs_all;HARPS_ech_obs_thosimult;STAR,WAVE,K0
HD45364;2454386.77534;-6.577;0.869;16458.913;0.837;19.769498788;0.446533757856;16459.3177666;0.358636524008;19.769498788;0.446533757856;-2.104493931608231;4.083055086626666;7.52897456463;0.768686357356;0.44413668668435513;0.0004416490834061986;0.2804011599474352;0.0005461413787269692;0.37971446361923933;0.0007091297471367061;0;6.14782371874;36.2387742127;-0.00490669637672;16.3;170.9;2454386.7747;17.1995827659;17.1947430161;-0.028;-9999999;0.009;0.201;0.745;0.396;-9999999;0.49;899.9957;-2.1093571066;4.17054529668;2007-10-13T06:27:12.163;-9999999;K5;072.C-0488(E);Mayor;-9999999;HARPS_ech_obs_all;HARPS_ech_obs_thosimult;STAR,WAVE,K0
HD45364;2454392.8279;-8.919;0.985;16456.995;1.070;17.8724628793;0.454693086995;16457.5655627;0.372812361204;17.8724628793;0.454693086995;1.3295974544906446;4.497741058343841;0.301595954417;0.791933741644;0.4484438378481003;0.0004636111306647873;0.27326824964050933;0.0005721161458076164;0.38166390118939764;0.0007457957177865834;0;6.14182236654;36.2759289555;0.0002372013528;16.3;163.6;2454392.82726;16.6665751526;16.6617023194;0.13;-9999999;0.009;0.646;0.873;0.562;-9999999;0.5;899.9963;1.31066705444;4.58094256569;2007-10-19T07:42:14.809;-9999999;K5;072.C-0488(E);Mayor;-9999999;HARPS_ech_obs_all;HARPS_ech_obs_thosimult;STAR,WAVE,K0
HD45364;2454452.75143;-27.660;0.835;16438.360;0.854;-0.305443068079;0.508176722994;16439.4566812;0.413996800632;-0.305443068079;0.508176722994;-4.6657444632482;4.470860641352453;1.10562868001;0.829764995913;0.4461855006276431;0.0005009215645837927;0.2738200196072497;0.0006243162590325344;0.3780965066628032;0.0008084145910631813;0;6.14729375308;36.2611247706;-0.00438362376438;16.3;150.8;2454452.75079;4.00092192649;3.99607194001;0.632;-9999999;0.009;1.210;0.663;1.088;-9999999;0.48;900.0;-4.70466108178;4.47272594561;2007-12-18T05:49:09.343;-9999999;K5;072.C-0488(E);Mayor;-9999999;HARPS_ech_obs_all;HARPS_ech_obs_thosimult;STAR,WAVE,K0
HD45364;2454484.66243;-19.842;0.958;16447.892;1.052;7.02244970605;0.39364205087;16448.3537252;0.317783484909;7.02244970605;0.39364205087;-7.22703406132587;4.163166500771599;-2.09632805981;0.695194935327;0.4438777017036092;0.0003790596223269942;0.27281834823846013;0.0004706446757583337;0.36970620454927783;0.0006124816734935554;0;6.14378845856;36.2865930666;-0.00209971725997;16.3;199.7;2454484.66179;-5.61865432733;-5.62352085923;0.0;-9999999;0.009;0.719;0.873;0.453;-9999999;0.5;900.0;-7.21383087905;4.20110514827;2008-01-19T03:40:48.982;-9999999;K5;072.C-0488(E);Mayor;-9999999;HARPS_ech_obs_all;HARPS_ech_obs_thosimult;STAR,WAVE,K0
HD45364;2454486.60172;-18.718;1.034;16448.100;1.100;8.16266832452;0.5536971123;16448.6796658;0.451969472985;8.16266832452;0.5536971123;3.1981357036540796;4.559481044610813;1.34653017885;1.02451392333;0.44343407719729494;0.0005702761548752434;0.2805730411224489;0.0007067429772214471;0.380368912131818;0.0009196643174849428;0;6.14658722915;36.2607899901;-0.00156517319018;16.3;134.1;2454486.60107;-6.05367682089;-6.05852540301;-0.213;-9999999;0.009;0.736;0.873;0.571;-9999999;0.47;900.0;3.20686139298;4.59347597014;2008-01-21T02:13:53.470;-9999999;K5;072.C-0488(E);Mayor;-9999999;HARPS_ech_obs_all;HARPS_ech_obs_thosimult;STAR,WAVE,K0
HD45364;2454523.62806;-3.096;0.851;16464.563;0.871;23.8627189835;0.42354499203;16465.0636383;0.344628193198;23.8627189835;0.42354499203;-2.4113402621824163;3.716188134659901;-3.86039536031;0.710938136515;0.44533727072085605;0.00041140397038083056;0.2824444844210397;0.0005187195837422952;0.3682417231604928;0.0006705517814660738;0;6.14028165396;36.2933370739;-0.0028074374797;16.3;182.0;2454523.62742;-14.8436624362;-14.848526928;0.089;-9999999;0.010;0.814;0.738;0.491;-9999999;0.48;900.0;-2.41175477317;3.84178093811;2008-02-27T02:53:35.771;-9999999;K5;072.C-0488(E);Mayor;-9999999;HARPS_ech_obs_all;HARPS_ech_obs_thosimult;STAR,WAVE,K0
HD45364;2454567.482;18.427;0.647;16485.254;0.528;45.6059107979;0.381182188684;16486.6703758;0.296536153957;45.6059107979;0.381182188684;4.756902076924732;4.552766298029486;-3.15991122037;0.624405549113;0.4466443617480358;0.00036386730747915225;0.28119350101796414;0.00044963581626399513;0.3672033112012469;0.0005828607877255313;0;6.14368148814;36.2904104983;-0.000232963176472;16.3;209.3;2454567.48135;-17.0075273572;-17.0124267616;-0.169;-9999999;0.010;1.034;0.522;1.406;-9999999;0.48;800.0;4.76512583749;4.55688121121;2008-04-10T23:27:33.214;-9999999;K5;072.C-0488(E);Mayor;-9999999;HARPS_ech_obs_all;HARPS_ech_obs_thosimult;STAR,WAVE,K0
HD45364;2455103.86883;-22.332;0.998;16444.479;0.864;2.57312009264;0.748583644373;16442.6198291;0.605410543038;2.57312009264;0.748583644373;8.402368023047957;6.179104694075378;6.3283036729;1.34763918395;0.44950784222108886;0.0007570305962016778;0.2814333445838544;0.0009324522245099395;0.37945864049846323;0.001208026135405332;0;6.15866527174;36.2330686144;-0.000400679799966;16.3;101.6;2455103.86806;17.3162170481;17.3115558179;0.477;-9999999;0.013;-1.240;0.660;-1.872;-9999999;0.51;899.9994;8.39441861685;6.19003686306;2009-09-29T08:42:37.261;-9999999;K5;183.C-0972(A);Udry;-9999999;HARPS_ech_obs_all;HARPS_ech_obs_thosimult;STAR,WAVE,K0
HD45364;2455279.53046;21.594;0.986;16487.849;0.949;48.1712495966;0.595954546513;16488.8857877;0.485282649704;48.1712495966;0.595954546513;-11.402092993751548;4.669223927520379;-5.2281972953;1.221476914;0.4436418404553009;0.000630510791654171;0.283342129062881;0.0007722715356317236;0.3701071201824425;0.0009879687994412154;0;6.13806037225;36.3129377772;-0.00341368704476;16.3;123.9;2455279.52968;-17.2684295168;-17.2730847077;0.326;-9999999;0.014;0.431;0.785;1.023;-9999999;0.5;900.0076;-11.39639693;4.5923903011;2010-03-24T00:34:42.986;-9999999;K5;183.C-0972(A);Udry;-9999999;HARPS_ech_obs_all;HARPS_ech_obs_thosimult;STAR,WAVE,K0
HD45364;2455294.54048;21.874;0.980;16489.696;0.877;47.8087439231;0.444543934737;16488.9648478;0.365265249265;47.8087439231;0.444543934737;5.086510715027502;4.328243779987987;0.284691388062;0.963887106832;0.443900133615582;0.00045744232766830434;0.2823424624696538;0.0005592997816799782;0.36942459272673095;0.000715524296280365;0;6.14839062075;36.2607837767;-0.00513258417932;16.3;169.6;2455294.5397;-17.2815799595;-17.2862816786;0.07;-9999999;0.014;-0.210;0.873;-0.745;-9999999;0.5;900.0061;5.08992994787;4.32195463148;2010-04-08T00:50:22.658;-9999999;K5;183.C-0972(A);Udry;-9999999;HARPS_ech_obs_all;HARPS_ech_obs_thosimult;STAR,WAVE,K0
HD45364;2455486.86953;-9.916;0.738;16456.154;0.567;14.93785625;0.558547499755;16455.2214962;0.456824815877;14.93785625;0.558547499755;1.1741811884392734;5.383712351688349;2.88583211768;1.06438573038;0.44907387620996886;0.0005898776899426186;0.27611994304349413;0.0007086083757265627;0.38006961565497294;0.0009170316514880507;0;6.15153283543;36.2579215206;-0.00618833458435;16.3;133.5;2455486.86875;16.7125166273;16.7079027842;-0.285;-9999999;0.016;-1.291;0.481;-0.949;-9999999;0.5;900.0008;1.1638280141;5.43954573229;2010-10-17T08:42:19.770;-9999999;K5;183.C-0972(A);Udry;-9999999;HARPS_ech_obs_all;HARPS_ech_obs_thosimult;STAR,WAVE,K0
HD45364;2455639.58503;16.442;0.833;16482.608;0.747;41.8337248962;0.453561231771;16482.7057388;0.378154510967;41.8337248962;0.453561231771;3.8983674026818784;3.7483595596696513;3.06847129691;1.01700056619;0.4432551969337033;0.0004468396886227644;0.2815857360039696;0.0005438768506718462;0.36285956219335497;0.0006992242263137676;0;6.14986474831;36.2487344691;-0.00346324093151;16.3;174.1;2455639.58425;-17.0948360683;-17.0995017;0.408;-9999999;0.016;-0.753;0.698;0.082;-9999999;0.51;900.0065;3.91198080277;3.81006916798;2011-03-19T01:52:43.526;-9999999;K5;183.C-0972(A);Udry;-9999999;HARPS_ech_obs_all;HARPS_ech_obs_thosimult;STAR,WAVE,K0
HD45364;2455641.58783;16.832;0.779;16483.339;0.672;42.5191528285;0.459704176543;16483.3737269;0.383630737915;42.5191528285;0.459704176543;-3.365167730906267;4.334117012484581;2.38974877134;0.900539351839;0.4448597095016204;0.0004672387283700578;0.28040263966487;0.0005602431736084357;0.3740710826330832;0.0007255243287777277;0;6.14782536517;36.2556303151;-0.00477613806035;16.3;168.3;2455641.58706;-17.2170880232;-17.2217568211;-0.131;-9999999;0.016;-0.458;0.629;0.019;-9999999;0.51;900.0076;-3.35764182038;4.40951767253;2011-03-21T01:56:55.198;-9999999;K5;183.C-0972(A);Udry;-9999999;HARPS_ech_obs_all;HARPS_ech_obs_thosimult;STAR,WAVE,K0
HD45364;2455653.56068;19.268;0.948;16486.604;1.048;45.8831637104;0.367501652134;16487.3121517;0.306567283367;45.8831637104;0.367501652134;-6.334340801095028;3.8007449807945357;-1.63805243847;0.760611060159;0.4505444275766513;0.0003740882728831311;0.2751224157297993;0.00044591192029466145;0.37577883319355876;0.000577576115108675;0;6.14490674812;36.2871881877;-0.00365833094634;16.3;211.5;2455653.5599;-17.4648658206;-17.4695413429;-0.223;-9999999;0.017;0.470;0.873;0.691;-9999999;0.49;900.0051;-6.33382402046;3.87400154125;2011-04-02T01:19:06.828;-9999999;K5;183.C-0972(A);Udry;-9999999;HARPS_ech_obs_all;HARPS_ech_obs_thosimult;STAR,WAVE,K0
HD45364;2455681.47431;20.661;1.012;16487.094;1.088;46.5027492927;0.510503535291;16487.1391664;0.423091018314;46.5027492927;0.510503535291;9.209147489311228;4.491275088132736;2.36397674372;0.962349433136;0.44688608749221476;0.0004970550470172777;0.2748273136959944;0.0006065394073181951;0.37735973229230874;0.0007873309455824099;0;6.15064768915;36.2605850034;-0.00152110230588;16.3;155.5;2455681.47354;-15.2114955672;-15.2162193066;-0.461;-9999999;0.017;-0.303;0.873;0.028;-9999999;0.48;900.0004;9.21354306971;4.49106035531;2011-04-29T23:17:05.248;-9999999;K5;183.C-0972(A);Udry;-9999999;HARPS_ech_obs_all;HARPS_ech_obs_thosimult;STAR,WAVE,K0
HD45364;2455871.84586;-18.142;0.793;16448.755;0.818;10.1102171483;0.557290007734;16450.9997522;0.462880059279;10.1102171483;0.557290007734;6.051200164348824;5.0897976302937025;-7.35856506854;1.27146824694;0.44719594450151207;0.0005883330077890358;0.27619864431642943;0.0007024344639576795;0.3799894386519494;0.0009099013427522311;0;6.14353407862;36.3260461436;-0.00410371717759;16.3;134.8;2455871.84508;14.2484867346;14.2438920082;-0.383;-9999999;0.018;2.106;0.565;2.227;-9999999;0.52;900.0057;6.05183396121;5.1295801922;2011-11-06T08:06:28.997;-9999999;K5;183.C-0972(A);Udry;-9999999;HARPS_ech_obs_all;HARPS_ech_obs_thosimult;STAR,WAVE,K0
HD45364;2456174.9063;-9.792;1.136;16456.214;1.164;17.0421590173;0.727347893206;16456.59976;0.591396072501;17.0421590173;0.727347893206;-2.184015686326411;7.728057709342203;2.57538621091;1.87114985825;0.44282977574045973;0.0006937394592662863;0.2761079887917877;0.0008576875424099398;0.3750713814619896;0.001114516217377985;0;6.16108201429;36.2506747472;-0.00560661639969;16.3;110.6;2456174.90552;15.4642339336;15.4595313219;0.117;-9999999;0.020;0.688;0.873;0.366;-9999999;0.52;900.0059;-2.21790427709;7.77138855078;2012-09-04T09:38:23.260;-9999999;K5;183.C-0972(A);Udry;-9999999;HARPS_ech_obs_all;HARPS_ech_obs_thosimult;STAR,WAVE,K0
HD45364;2456200.88675;-12.787;0.781;16454.354;0.712;14.2197504144;0.613678109892;16454.7012689;0.502961715188;14.2197504144;0.613678109892;-12.977227285776271;6.3008158168580355;9.60166965053;1.26785113613;0.4487269430955719;0.0005988347062732108;0.2756639543150144;0.0007223964502732764;0.3821249426610025;0.0009498278418364791;0;6.15762662134;36.222700091;-0.00365874633937;16.3;129.4;2456200.88597;17.2874742725;17.2828123671;-0.159;-9999999;0.020;0.862;0.483;0.327;-9999999;0.54;899.9997;-12.9835736903;6.34485454137;2012-09-30T09:07:53.165;-9999999;K5;183.C-0972(A);Udry;-9999999;HARPS_ech_obs_all;HARPS_ech_obs_thosimult;STAR,WAVE,K0
HD45364;2456262.82337;-6.172;0.759;16461.435;0.826;20.7361039392;0.510341179503;16461.7360433;0.426525456195;20.7361039392;0.510341179503;-16.435250594838077;7.3093227600730275;4.1694419909;1.03957087761;0.447625203136163;0.0005536669591392614;0.27893081376528617;0.0006449877525007363;0.37419747643661555;0.0008464637037165673;0;6.15200967305;36.2477621391;-0.00318601613924;16.3;146.3;2456262.82258;8.51765418305;8.51311749472;0.69;-9999999;0.020;0.763;0.562;0.281;-9999999;0.49;900.0008;-16.4477550874;7.35502213762;2012-12-01T07:33:05.841;-9999999;K5;183.C-0972(A);Udry;-9999999;HARPS_ech_obs_all;HARPS_ech_obs_thosimult;STAR,WAVE,K0
HD45364;2456289.77344;4.384;1.023;16472.378;1.095;30.1399000218;0.534171802881;16470.527513;0.440840443068;30.1399000218;0.534171802881;-18.0278106206082;6.377319013348824;4.54813338991;0.889903906022;0.44868224366578074;0.0005153042695423782;0.2725939912065489;0.0006137733141330524;0.37060456179006573;0.0008003365641981928;0;6.15535348596;36.2384848152;-0.0020286630868;16.3;153.1;2456289.77266;0.64999525685;0.64546969982;-1.443;-9999999;0.020;-0.390;0.873;-1.870;-9999999;0.49;900.0008;-18.0288232222;6.42970039111;2012-12-28T06:20:34.703;-9999999;K5;183.C-0972(A);Udry;-9999999;HARPS_ech_obs_all;HARPS_ech_obs_thosimult;STAR,WAVE,K0
HD45364;2456321.73775;14.717;0.724;16482.816;0.785;41.429877955;0.527328940148;16483.0540615;0.444009475742;41.429877955;0.527328940148;-7.642281748548951;6.340833599535046;11.4166822771;1.13013201335;0.4442281451604403;0.0005218476687556324;0.2744650070816009;0.0006284114707550661;0.3770095213610425;0.0008146186938486129;0;6.16157556571;36.1974270209;-0.00418913163908;16.3;150.5;2456321.73696;-8.81163100509;-8.81621639388;-0.186;-9999999;0.021;0.567;0.496;0.217;-9999999;0.49;900.0009;-7.65569048444;6.39834043872;2013-01-29T05:29:47.420;-9999999;K5;183.C-0972(A);Udry;-9999999;HARPS_ech_obs_all;HARPS_ech_obs_thosimult;STAR,WAVE,K0
HD45364;2456362.55799;20.297;0.736;16487.500;0.718;46.6906903879;0.577645497519;16487.8738315;0.478825220392;46.6906903879;0.577645497519;-14.196760614269651;6.607110647666799;6.25335979294;1.25618021039;0.44329012703132714;0.0006066114655905071;0.2813934435093231;0.0007237060239982029;0.37425445277415437;0.0009361018240965258;0;6.15573697166;36.2243054479;-0.000885915494504;16.3;131.5;2456362.55721;-16.4181110938;-16.4227521869;-0.14;-9999999;0.021;0.249;0.456;0.353;-9999999;0.5;700.0009;-14.1934900607;6.59385451412;2013-03-11T01:15:00.300;-9999999;K5;183.C-0972(A);Udry;-9999999;HARPS_ech_obs_all;HARPS_ech_obs_thosimult;STAR,WAVE,K0
HD45364;2456399.53533;12.561;0.721;16479.395;0.688;37.3706239921;0.463053079729;16477.8447669;0.388090973235;37.3706239921;0.463053079729;-11.729657029538306;6.494833757762943;5.28296978711;1.28469057025;0.4483298623228446;0.0004453074941889801;0.27494233489768644;0.0005365924115318197;0.3760514762195493;0.0006952955671608314;0;6.15696058608;36.2517318293;0.000261293875482;16.3;175.7;2456399.53454;-16.6951917053;-16.6998910735;0.721;-9999999;0.021;-1.336;0.553;-1.571;-9999999;0.48;900.0003;-11.7264838246;6.55511391217;2013-04-17T00:44:00.823;-9999999;K5;091.C-0936(A);Udry;-9999999;HARPS_ech_obs_all;HARPS_ech_obs_wavesimult;STAR,WAVE,K0
HD45364;2456592.84128;2.096;0.922;16468.607;1.092;28.8670997136;0.520519738438;16468.8777274;0.432739339409;28.8670997136;0.520519738438;-6.709580178246827;5.113488619474346;14.0086508484;1.38247259652;0.4486399206351961;0.0005022775245019445;0.2799449482593217;0.000608181995041022;0.38134713238385093;0.0007937487626173884;0;6.16549513565;36.191361848;-0.00430874843061;16.3;154.3;2456592.84049;15.7216918391;15.7170729779;0.616;-9999999;0.022;0.626;0.761;0.249;-9999999;0.51;900.0015;-6.73566621801;5.20876382454;2013-10-27T08:00:42.671;-9999999;K5;192.C-0852(A);Udry;-9999999;HARPS_ech_obs_all;HARPS_ech_obs_wavesimult;STAR,WAVE,K0
HD45364;2456609.85015;10.969;0.781;16477.833;1.070;36.5548274325;0.445883030703;16477.7680423;0.373820577893;36.5548274325;0.445883030703;-2.525325771312978;3.920394999469037;8.60916168643;1.48473543523;0.44744848353048183;0.0004904408551210488;0.27493567179230843;0.0005692987220319002;0.381063772339366;0.000740998279031015;0;6.15877240514;36.234032875;-0.00303224757705;16.3;165.9;2456609.84937;12.820250129;12.8156635285;0.612;-9999999;0.022;-0.559;0.641;-0.087;-9999999;0.51;900.0005;-2.51450817928;4.026408647;2013-11-13T08:12:18.871;-9999999;K5;192.C-0852(A);Udry;-9999999;HARPS_ech_obs_all;HARPS_ech_obs_wavesimult;STAR,WAVE,K0
HD45364;2456620.73948;16.082;1.162;16483.547;1.182;42.8067868308;0.766165924201;16483.8454929;0.626475877165;42.8067868308;0.766165924201;-9.328936253468756;7.394899951092898;14.0390151314;1.68680478858;0.4499134217664992;0.0007506515602319759;0.27587548434695675;0.0009112116758311277;0.3842504892501903;0.0011874240908719329;0;6.1662234477;36.1579235602;-0.00156254665905;16.3;104.5;2456620.7387;10.6001671464;10.5955793089;-0.35;-9999999;0.023;0.579;0.873;0.275;-9999999;0.51;1200.0005;-9.3412758082;7.39963085934;2013-11-24T05:29:47.038;-9999999;K5;192.C-0852(A);Udry;-9999999;HARPS_ech_obs_all;HARPS_ech_obs_wavesimult;STAR,WAVE,K0
HD45364;2456713.64481;6.927;0.783;16474.987;0.733;34.4104614456;0.580886648997;16475.9092557;0.481369306374;34.4104614456;0.580886648997;5.107659399554165;6.452557832403645;15.8901650035;1.46032905214;0.44534537686872416;0.0005525194502169471;0.2810416153747838;0.0006731134517234783;0.37604443331899745;0.0008733316281624352;0;6.16138928576;36.1592236854;-0.00280270208543;16.3;140.3;2456713.64403;-14.6222105608;-14.6268241488;-0.186;-9999999;0.023;1.338;0.525;0.899;-9999999;0.51;900.0014;5.10034943348;6.51565954311;2014-02-25T03:17:09.876;-9999999;K5;192.C-0852(A);Udry;-9999999;HARPS_ech_obs_all;HARPS_ech_obs_thosimult;STAR,WAVE,K0
HD45364;2456714.6473;7.709;0.889;16476.393;0.803;35.1857553616;0.803510399171;16476.7087245;0.647987222713;35.1857553616;0.803510399171;-7.1108363578422935;8.352654741056805;14.2859233351;1.97953682303;0.4477624338933742;0.0007570501736350369;0.2811312189252627;0.0009351585444983523;0.3704903907830838;0.0012168180285292997;0;6.17190016487;36.1588224679;-0.00597612587002;16.3;101.9;2456714.64651;-14.7968368137;-14.8014527278;-0.276;-9999999;0.023;1.332;0.380;0.293;-9999999;0.48;900.0007;-7.12474174728;8.39709091111;2014-02-26T03:21:15.828;-9999999;K5;192.C-0852(A);Udry;-9999999;HARPS_ech_obs_all;HARPS_ech_obs_thosimult;STAR,WAVE,K0
HD45364;2456715.63235;7.795;0.774;16476.146;0.783;34.770096788;0.662519839003;16476.7132373;0.544274467934;34.770096788;0.662519839003;-5.852533393897464;5.613450733636759;13.3983408758;1.43057580272;0.44629480348844364;0.0006669201453407993;0.2816801250530571;0.0008007308830960835;0.3767992455294311;0.0010388265726734708;0;6.16570552441;36.1783434064;-0.00352953324083;16.3;118.8;2456715.63157;-14.9344546704;-14.9390709575;-0.002;-9999999;0.023;0.830;0.400;0.544;-9999999;0.52;900.0017;-5.84590129268;5.69062558872;2014-02-27T02:59:12.711;-9999999;K5;192.C-0852(A);Udry;-9999999;HARPS_ech_obs_all;HARPS_ech_obs_thosimult;STAR,WAVE,K0
HD45364;2456716.66197;8.466;0.762;16475.805;0.671;35.0488230922;0.532580869849;16476.2432009;0.441930728998;35.0488230922;0.532580869849;2.571476432846719;4.355842367272815;14.7917983405;1.42482372629;0.4448659541352619;0.0005170146102522093;0.27573499994968764;0.0006227133857730793;0.37420808627933594;0.0008026306834980345;0;6.16532216573;36.1589893546;-0.0026562548228;16.3;152.4;2456716.66118;-15.1472757853;-15.1518992659;-0.275;-9999999;0.023;0.438;0.545;0.415;-9999999;0.52;900.0003;2.58360343511;4.44754803318;2014-02-28T03:41:55.947;-9999999;K5;192.C-0852(A);Udry;-9999999;HARPS_ech_obs_all;HARPS_ech_obs_thosimult;STAR,WAVE,K0
HD45364;2456720.57855;9.049;0.677;16476.354;0.601;35.4404821771;0.527025596859;16476.5316128;0.439646307515;35.4404821771;0.527025596859;-13.589111088858097;5.012819623346618;18.6681096848;1.07550094936;0.44825680515799937;0.0005290816809920638;0.28194818834491725;0.0006351390535062222;0.3661536673908001;0.0008212697716006697;0;6.16845008456;36.1546133293;-0.00254969857668;16.3;149.1;2456720.57777;-15.5802464395;-15.5848619634;-0.053;-9999999;0.023;0.246;0.425;0.155;-9999999;0.5;900.0006;-13.5900024869;5.09458538787;2014-03-04T01:42:23.662;-9999999;K5;192.C-0852(A);Udry;-9999999;HARPS_ech_obs_all;HARPS_ech_obs_thosimult;STAR,WAVE,K0
HD45364;2456724.55453;4.606;0.635;16471.595;0.658;30.686801572;0.432209206842;16471.9894491;0.364236801873;30.686801572;0.432209206842;-3.0512071825599447;4.1289959940936;15.973591914;1.13500801659;0.4446469973710088;0.00042235694354510807;0.2756196876847546;0.0005077003922466088;0.37388019969804365;0.0006546813378517719;0;6.16493090966;36.1588883495;-0.000475056455457;16.3;186.3;2456724.55375;-16.0415555125;-16.0461921565;0.07;-9999999;0.023;-0.064;0.466;0.371;-9999999;0.5;900.0012;-3.03644033148;4.21165832767;2014-03-08T01:08:06.150;-9999999;K5;192.C-0852(A);Udry;-9999999;HARPS_ech_obs_all;HARPS_ech_obs_thosimult;STAR,WAVE,K0
HD45364;2456726.56089;4.420;0.627;16472.768;0.528;31.044665904;0.478282964549;16473.2176038;0.400956399479;31.044665904;0.478282964549;0.5959509196355388;4.072922307934569;13.7748644693;1.27010929732;0.4450231029120307;0.0004715775476021131;0.28148809823647464;0.0005661355108180588;0.3665340902973753;0.0007326210547596271;0;6.16472069525;36.1749004697;-0.00234491720199;16.3;167.1;2456726.5601;-16.2816466648;-16.2862599028;-0.034;-9999999;0.023;0.480;0.406;0.427;-9999999;0.51;900.0005;0.602889002949;4.14444392489;2014-03-10T01:17:15.716;-9999999;K5;192.C-0852(A);Udry;-9999999;HARPS_ech_obs_all;HARPS_ech_obs_thosimult;STAR,WAVE,K0
HD45364;2456749.55202;-0.533;0.741;16467.076;0.797;25.7251216695;0.573477652565;16467.1663212;0.476921933065;25.7251216695;0.573477652565;-1.7521273577904883;4.396776412337054;13.1828076312;1.55575754994;0.448181682927551;0.0005754912720885572;0.2766403261903774;0.0006958401423107664;0.3740940231685845;0.0008955366558708609;0;6.16602598136;36.1858949806;-0.00124431938032;16.3;136.9;2456749.55125;-17.4409227318;-17.4456092983;0.087;-9999999;0.023;0.113;0.470;0.067;-9999999;0.5;900.0013;-1.75258014661;4.48785816717;2014-04-02T01:06:31.013;-9999999;K5;192.C-0852(A);Udry;-9999999;HARPS_ech_obs_all;HARPS_ech_obs_wavesimult;STAR,WAVE,K0
HD45364;2456750.60683;-2.125;0.939;16463.808;0.981;25.9563074519;0.705903718488;16466.0188316;0.577432107689;25.9563074519;0.705903718488;-2.3743140090499524;6.51503949188513;12.6274177714;1.96356255476;0.44347307139114134;0.0006670438523074864;0.2775012817361789;0.0008278156116827471;0.3719684152024066;0.001058609533410153;0;6.16546304715;36.1958105171;-0.00145497464515;16.3;115.7;2456750.60605;-17.5001240555;-17.5048261063;0.138;-9999999;0.023;1.936;0.619;2.188;-9999999;0.48;900.0014;-2.37088003352;6.56648044422;2014-04-03T02:25:49.133;-9999999;K5;192.C-0852(A);Udry;-9999999;HARPS_ech_obs_all;HARPS_ech_obs_wavesimult;STAR,WAVE,K0
HD45364;2456751.5059;-1.280;0.844;16466.542;0.871;25.6429462921;0.712447144273;16467.8029771;0.58648498824;25.6429462921;0.712447144273;-3.2932423018990686;6.822553179437835;13.5833917143;1.8221297579;0.44853540680018567;0.0007489172106467131;0.2834907133670104;0.0008987689586107074;0.37632747292205154;0.0011599000404873187;0;6.16793359867;36.1857242909;0.000223118551251;16.3;107.0;2456751.50511;-17.3301500292;-17.334831115;-0.006;-9999999;0.023;0.778;0.454;1.238;-9999999;0.51;900.0008;-3.29606287597;6.87664191067;2014-04-04T00:00:06.634;-9999999;K5;192.C-0852(A);Udry;-9999999;HARPS_ech_obs_all;HARPS_ech_obs_wavesimult;STAR,WAVE,K0
HD45364;2456989.82568;10.640;1.140;16476.615;1.183;36.8532723012;0.8792210671;16476.2278033;0.713496266344;36.8532723012;0.8792210671;-14.354487929966854;7.544174905629855;13.2731161526;2.29239333806;0.44770956415591256;0.0009133957360904158;0.27805111838979174;0.0010845362744758827;0.3801884629762625;0.0014002454560287326;0;6.16596846555;36.1678218196;-0.00454545832587;16.3;89.1;2456989.8249;9.44084704272;9.43625643519;0.244;-9999999;0.025;0.068;0.726;-0.412;-9999999;0.38;900.0018;-14.3718161504;7.58443615835;2014-11-28T07:38:13.580;-9999999;K5;192.C-0852(A);Udry;-9999999;HARPS_ech_obs_all;HARPS_ech_obs_wavesimult;STAR,WAVE,K0
HD45364;2456993.77889;11.402;0.925;16477.632;1.001;37.8666630066;0.588034989898;16477.731001;0.488791088185;37.8666630066;0.588034989898;-9.163578313327056;5.647808947322787;19.5236924194;1.75821923131;0.4461024458031888;0.0005938876628943379;0.28131007605028024;0.0007116731675042375;0.3714290848882221;0.0009257302344621425;0;6.168178938;36.1415293603;0.000477616981708;16.3;132.6;2456993.77811;8.49217415207;8.4875732651;-0.03;-9999999;0.025;0.320;0.714;0.074;-9999999;0.51;900.0012;-9.16848593145;5.71119915135;2014-12-02T06:28:43.013;-9999999;K5;192.C-0852(A);Udry;-9999999;HARPS_ech_obs_all;HARPS_ech_obs_wavesimult;STAR,WAVE,K0
HD45364;2457034.74658;20.345;0.839;16487.357;0.861;46.430130462;0.544730122802;16487.2978569;0.452393557521;46.430130462;0.544730122802;-8.176695276642684;5.055135529001654;13.7377932626;1.5066127614;0.4441832938578301;0.0005951439739636156;0.27546864706481905;0.0006956000009693289;0.37724428794789155;0.0009000013258504964;0;6.16559643479;36.1862227851;-0.00200081783273;16.3;136.9;2457034.7458;-3.75854041937;-3.76314184161;0.148;-9999999;0.025;-0.060;0.638;-0.084;-9999999;0.49;900.0017;-8.18275522711;5.06672351757;2015-01-12T05:41:59.227;-9999999;K5;192.C-0852(A);Udry;-9999999;HARPS_ech_obs_all;HARPS_ech_obs_wavesimult;STAR,WAVE,K0
HD45364;2457037.68175;19.024;1.006;16486.532;1.069;46.1762257282;0.557910987266;16487.6308011;0.464273347204;46.1762257282;0.557910987266;-5.651985309126807;4.906721410065596;12.5899479187;2.02470227946;0.4448966810582555;0.0005821147876327958;0.2790003070412582;0.0006894030720037273;0.3760251932144049;0.0008958924048646881;0;6.16497880601;36.1890578854;-0.00450084736871;16.3;137.3;2457037.68097;-4.51875020439;-4.52331367996;0.207;-9999999;0.025;1.007;0.837;1.074;-9999999;0.43;900.0009;-5.65684426399;4.95031557887;2015-01-15T04:09:35.756;-9999999;K5;192.C-0852(A);Udry;-9999999;HARPS_ech_obs_all;HARPS_ech_obs_wavesimult;STAR,WAVE,K0
HD45364;2457045.66593;20.776;0.718;16488.943;0.709;45.811935165;0.374700450157;16487.5584742;0.316197329991;45.811935165;0.374700450157;-0.5568653834613073;4.544920351140218;12.7084644533;1.33642217911;0.4448259609611477;0.0003757957368063283;0.2816134321957994;0.00044589314329270425;0.37855381632760554;0.0005796738554160771;0;6.16213719706;36.1968084907;-0.00357838092948;16.3;211.4;2457045.66515;-6.85106787609;-6.85566472631;0.657;-9999999;0.025;-1.109;0.612;-1.410;-9999999;0.49;900.0015;-0.555144500503;4.5732526176;2015-01-23T03:46:07.184;-9999999;K5;192.C-0852(A);Udry;-9999999;HARPS_ech_obs_all;HARPS_ech_obs_wavesimult;STAR,WAVE,K0
HD45364;2457049.66694;19.533;0.809;16486.688;0.841;44.8363712211;0.460441984994;16486.0675748;0.386436447643;44.8363712211;0.460441984994;-8.725843723668604;4.418214466568339;8.03198340354;1.4013655814;0.4426264743974448;0.0005252386599027117;0.27515385174363194;0.0006088110084275461;0.378305581915797;0.0007897953298587005;0;6.15898206856;36.2180405539;-0.00221230060758;16.3;156.9;2457049.66616;-7.98262731242;-7.98722353741;0.442;-9999999;0.025;-0.842;0.666;-0.645;-9999999;0.52;900.0003;-8.73520093939;4.45230251418;2015-01-27T03:47:16.285;-9999999;K5;192.C-0852(A);Udry;-9999999;HARPS_ech_obs_all;HARPS_ech_obs_wavesimult;STAR,WAVE,K0
HD45364;2457064.67987;21.408;0.755;16488.513;0.615;46.8777995355;0.556192085585;16488.199775;0.463039712524;46.8777995355;0.556192085585;-8.864527766996265;5.783028988751675;20.326021335;1.90555259146;0.43978672364756755;0.0005581598123678531;0.27541955254265793;0.00067460355862519;0.3777365505949981;0.0008730098780616802;0;6.17408367506;36.1316000711;-0.00471106581855;16.3;141.5;2457064.6791;-11.8185615457;-11.8231817292;0.046;-9999999;0.025;-0.675;0.511;-0.338;-9999999;0.5;900.0009;-8.86373847854;5.77865158512;2015-02-11T04:06:54.122;-9999999;K5;192.C-0852(A);Udry;-9999999;HARPS_ech_obs_all;HARPS_ech_obs_wavesimult;STAR,WAVE,K0
HD45364;2457066.60666;21.320;0.833;16489.195;0.785;46.8719663611;0.691351911352;16488.3447607;0.567587161536;46.8719663611;0.691351911352;-3.2022871391726775;6.978954670893274;17.2483104532;1.94822335588;0.44418033038328936;0.0007305523161382128;0.2759707343871267;0.0008810105300583739;0.37750209671087864;0.0011378977695159702;0;6.17357800031;36.1572992092;-0.000511388344648;16.3;109.4;2457066.60587;-12.1135231088;-12.1181177406;-0.083;-9999999;0.025;-0.593;0.466;-0.875;-9999999;0.51;900.0012;-3.20240882156;6.94240959034;2015-02-13T02:21:25.709;-9999999;K5;192.C-0852(A);Udry;-9999999;HARPS_ech_obs_all;HARPS_ech_obs_wavesimult;STAR,WAVE,K0
HD45364;2457298.88268;8.412;1.151;16491.792;1.204;16.9192605279;0.580224145833;16493.9656019;0.499733686444;16.9192605279;0.580224145833;13.754502438621882;10.37137998389451;4.00853657364;1.06924156393;0.4498235533263584;0.0006494942188527468;0.27139190663715823;0.0007427245671411472;0.38056290060076436;0.0009660711661114764;0;6.18741489759;36.0186165361;0.0164619823995;16.3;125.6;2457298.88188;17.3085620756;17.3038991258;-0.666;-9999999;0.027;2.492;0.994;2.147;-9999999;0.57;899.9983;13.7472812163;10.3875063013;2015-10-03T09:01:21.329;-9999999;K5;192.C-0852(A);Udry;-9999999;HARPS_ech_obs_all;HARPS_ech_obs_wavesimult;STAR,WAVE,K0
HD45364;2457371.71587;11.974;0.819;16495.689;0.747;19.2217374542;0.412520277435;16497.2854984;0.363710067732;19.2217374542;0.412520277435;3.2214705100758683;5.109936212255149;-0.373764355744;0.617253921478;0.4480948202435661;0.000478948473629707;0.28072899859465833;0.0005452805513403068;0.3752296485928302;0.0007027416114657581;0;6.1838179068;36.0404979705;0.0148852393702;16.3;171.1;2457371.71507;5.01363791106;5.00908107781;-0.138;-9999999;0.027;1.233;0.708;1.569;-9999999;0.47;899.9983;3.21723303358;5.1733273836;2015-12-15T04:58:07.850;-9999999;K5;192.C-0852(A);Udry;-9999999;HARPS_ech_obs_all;HARPS_ech_obs_wavesimult;STAR,WAVE,K0
HD45364;2457389.68244;7.951;0.590;16491.927;0.549;13.5972752154;0.316355518866;16491.5358818;0.287444278346;13.5972752154;0.316355518866;-8.018305716879652;5.779683447537501;-1.79617213198;0.498263774749;0.44743390017466556;0.0003763964664798741;0.2804737449493648;0.00042481817838594435;0.37368475157391823;0.0005466254089430588;0;6.18253051535;36.0547666672;0.0127412607681;16.3;219.3;2457389.68165;-0.432448770362;-0.437012881022;0.374;-9999999;0.027;-0.369;0.499;-0.418;-9999999;0.51;899.9982;-7.98314959767;5.80940712927;2016-01-02T04:09:12.237;-9999999;K5;192.C-0852(A);Udry;-9999999;HARPS_ech_obs_all;HARPS_ech_obs_wavesimult;STAR,WAVE,K0
HD45364;2457396.75642;7.183;0.749;16491.608;0.740;12.6194445647;0.387287101085;16491.5110033;0.347015141644;12.6194445647;0.387287101085;-3.235250591580574;6.16992816586634;-2.49118255175;0.682119873411;0.4504536888371451;0.00042628628214917957;0.270964728958052;0.0004893852184756343;0.3711292166683874;0.0006297228542979127;0;6.18108072034;36.0644758388;0.0138862346265;16.3;189.8;2457396.75562;-2.78971121309;-2.7942385489;-0.093;-9999999;0.027;-0.579;0.642;-0.124;-9999999;0.49;899.9983;-3.24242978621;6.20137437102;2016-01-09T05:56:04.962;-9999999;K5;192.C-0852(A);Udry;-9999999;HARPS_ech_obs_all;HARPS_ech_obs_wavesimult;STAR,WAVE,K0
HD45364;2457399.789;5.865;0.827;16489.966;0.779;13.7691570688;0.597287611568;16491.3931802;0.512520804644;13.7691570688;0.597287611568;3.797816961611847;8.914627587475971;-2.65244130987;0.93067563163;0.44822313627645116;0.0006604563067991417;0.2788423386939416;0.0007628524974902424;0.37640141624848233;0.0009881017111911191;0;6.18616789518;36.0603953419;0.0129136000024;16.3;122.9;2457399.7882;-3.77721535058;-3.78177070491;-2.491;-9999999;0.027;1.889;0.572;1.400;-9999999;0.51;899.9983;3.7542331146;8.93730448205;2016-01-12T06:42:44.923;-9999999;K5;192.C-0852(A);Udry;-9999999;HARPS_ech_obs_all;HARPS_ech_obs_wavesimult;STAR,WAVE,K0
HD45364;2457417.68606;1.089;1.028;16484.909;1.047;7.84723338182;0.401255997459;16486.3443576;0.357528427789;7.84723338182;0.401255997459;-8.101344688764412;7.325876024340675;-2.23865383394;0.68272587465;0.4418667154378525;0.00044027681331970675;0.2806531948957271;0.0005118808968631018;0.3690492952299123;0.0006617508527625526;0;6.18509290945;36.0477474148;0.0152369434001;16.3;183.1;2457417.68526;-8.76067172406;-8.76523233702;-0.203;-9999999;0.027;0.743;0.947;1.408;-9999999;0.49;899.9982;-8.06833758337;7.33450493206;2016-01-30T04:15:19.881;-9999999;K5;192.C-0852(A);Udry;-9999999;HARPS_ech_obs_all;HARPS_ech_obs_wavesimult;STAR,WAVE,K0
HD45364;2457421.64781;-0.354;0.571;16483.953;0.576;6.77880706226;0.321307375777;16485.158883;0.293286029034;6.77880706226;0.321307375777;12.257715223266938;6.364311105897733;-2.60678911305;0.542464132212;0.44190476799402745;0.00033860316599928396;0.27526631548912206;0.0003980183510372446;0.37543590353831435;0.0005120061344338746;0;6.18164180194;36.0690644521;0.0146729456626;16.3;234.8;2457421.64701;-9.7338107228;-9.73838176178;0.258;-9999999;0.028;1.118;0.472;1.178;-9999999;0.51;899.9982;12.293479646;6.37770530663;2016-02-03T03:20:07.672;-9999999;K5;192.C-0852(A);Udry;-9999999;HARPS_ech_obs_all;HARPS_ech_obs_wavesimult;STAR,WAVE,K0
HD45364;2457429.63861;-0.181;0.785;16484.130;0.761;5.34842752728;0.44255722587;16484.0196503;0.393210486742;5.34842752728;0.44255722587;2.957280919883547;5.789159415698018;-2.94366957726;0.708905533485;0.4515619876969169;0.0004983096491992783;0.28230918526336796;0.0005751938962716503;0.37724567454632113;0.0007427423275012209;0;6.18518216902;36.0672100427;0.0154138842581;16.3;162.8;2457429.63782;-11.6857964994;-11.6903957507;-1.585;-9999999;0.028;-0.486;0.648;-0.138;-9999999;0.5;899.9983;2.98750421306;5.80566244289;2016-02-11T03:07:26.257;-9999999;K5;192.C-0852(A);Udry;-9999999;HARPS_ech_obs_all;HARPS_ech_obs_wavesimult;STAR,WAVE,K0
HD45364;2457462.53519;-6.090;0.565;16477.262;0.566;0.225097236877;0.314846240119;16477.9500529;0.291482006697;0.225097236877;0.314846240119;-4.001977505092044;6.611694529814116;-1.33566158592;0.473312578006;0.44488285462843663;0.0003415995825493587;0.28341522690576615;0.00039879754689209487;0.3668351848349032;0.0005057393157975958;0;6.18520894683;36.0377098076;0.0125041919756;16.3;235.1;2457462.5344;-16.7522581681;-16.7568932034;-0.184;-9999999;0.028;0.300;0.469;0.660;-9999999;0.51;899.9983;-4.00154245251;6.61147923212;2016-03-15T00:40:39.340;-9999999;K5;192.C-0852(A);Udry;-9999999;HARPS_ech_obs_all;HARPS_ech_obs_wavesimult;STAR,WAVE,K0
HD45364;2457464.52914;-7.680;0.687;16475.593;0.660;-0.694977165071;0.445080264619;16477.2587024;0.396453562498;-0.694977165071;0.445080264619;-14.851952514615386;7.748092686305678;-0.0221947704349;0.83100780501;0.45110476641265124;0.0005108181328357643;0.27765230851162326;0.0005919673855876436;0.3704389056701536;0.0007537353148163963;0;6.18862192495;36.0369463303;0.0147720029198;16.3;159.3;2457464.52835;-16.8902290077;-16.8948659525;0.262;-9999999;0.028;0.970;0.524;1.638;-9999999;0.49;899.9982;-14.865735893;7.74577461894;2016-03-17T00:32:24.554;-9999999;K5;192.C-0852(A);Udry;-9999999;HARPS_ech_obs_all;HARPS_ech_obs_wavesimult;STAR,WAVE,K0
HD45364;2457474.51048;-8.919;0.603;16475.051;0.598;-3.24112986784;0.372617787886;16475.6167683;0.337434207613;-3.24112986784;0.372617787886;2.2167269318299234;9.735410566170577;-0.367657410374;0.549553594825;0.4445954923299838;0.0003808071308492522;0.28332094549019915;0.00045437581477184957;0.36147389164178506;0.0005789140821951273;0;6.18447004608;36.0303164458;0.0144807215879;16.3;205.9;2457474.50969;-17.3117769951;-17.3164419133;0.147;-9999999;0.028;-0.338;0.473;0.538;-9999999;0.49;899.9982;2.21676315725;9.72735245686;2016-03-27T00:06:21.045;-9999999;K5;192.C-0852(A);Udry;-9999999;HARPS_ech_obs_all;HARPS_ech_obs_wavesimult;STAR,WAVE,K0
HD45364;2457479.53152;-11.285;0.630;16472.410;0.594;-4.8358976395;0.419201526631;16473.4539857;0.375430210246;-4.8358976395;0.419201526631;-9.37564775320772;9.050805216384932;-4.76357013051;0.623271646315;0.443647377161359;0.00044425399626847687;0.2841755779259029;0.0005259094311720302;0.36666682513941135;0.0006659390120795722;0;6.17892125017;36.0653568615;0.0143092516744;16.3;178.8;2457479.53073;-17.3991717239;-17.4038567872;-0.187;-9999999;0.028;0.434;0.470;1.016;-9999999;0.49;899.9982;-9.37453375498;9.03652125729;2016-04-01T00:37:04.188;-9999999;K5;192.C-0852(A);Udry;-9999999;HARPS_ech_obs_all;HARPS_ech_obs_wavesimult;STAR,WAVE,K0
HD45364;2457691.88541;11.374;0.787;16494.460;0.684;17.9001969311;0.43487645025;16494.7532038;0.385210390769;17.9001969311;0.43487645025;22.135101700805425;5.533765496337245;12.0516580879;0.599043677617;0.44931576373320087;0.00047277887074852334;0.2821491356039682;0.0005533694125816139;0.3825096503471327;0.0007085552121284895;0;6.19411707322;35.9357615407;0.0131889706886;16.3;170.5;2457691.88462;15.1861705653;15.181559522;0.084;-9999999;0.029;0.511;0.656;0.264;-9999999;0.53;899.9983;22.1272393878;5.58691827356;2016-10-30T09:03:40.839;-9999999;K5;198.C-0836(A);Diaz;-9999999;HARPS_ech_obs_all;HARPS_ech_obs_wavesimult;STAR,WAVE,K0
HD45364;2457714.86817;-30.331;20.016;16520.253;7.820;-23.4368262506;19.9931797973;16520.73742;7.76064572852;-23.4368262506;19.9931797973;-203.09990687965055;204.87453689859768;67.8497673736;33.4757838696;0.4488034374223156;0.02031468893506161;0.23390001283540568;0.028470383950435656;0.34568646803520015;0.03618369703579834;64;6.26704934279;33.7641013998;-0.0178746352357;16.3;5.6;2457714.86737;10.7361138673;10.7315551806;0.0;-9999999;0.029;0.879;0.949;0.455;-9999999;0.59;4.9983;-201.421485133;205.593034853;2016-11-22T08:45:16.865;-9999999;K5;198.C-0836(A);Diaz;-9999999;HARPS_ech_obs_all;HARPS_ech_obs_wavesimult;STAR,WAVE,K0
HD45364;2457716.76227;17.263;0.984;16501.357;0.933;24.3408497062;0.578586645588;16502.370226;0.499912361426;24.3408497062;0.578586645588;-4.450696172530414;7.224770076522409;-4.84354883507;0.725998415685;0.44857936435714546;0.0006360088525448976;0.2808596317434489;0.0007403136139236709;0.37738498461882847;0.0009557625850978319;0;6.18183524303;36.0575283844;0.0136266864247;16.3;126.2;2457716.76147;10.4992098312;10.4946292226;1.454;-9999999;0.029;1.063;0.795;0.984;-9999999;0.48;899.9983;-4.46030769282;7.26501330777;2016-11-24T06:05:32.420;-9999999;K5;198.C-0836(A);Diaz;-9999999;HARPS_ech_obs_all;HARPS_ech_obs_wavesimult;STAR,WAVE,K0
HD45364;2457733.72841;18.561;0.901;16504.513;0.558;25.0571129566;0.394082413251;16503.1938327;0.348665906022;25.0571129566;0.394082413251;6.481415832269167;6.598884869571021;6.18846253661;0.593096577243;0.4508881517229651;0.0004584575821164632;0.2788131225823587;0.0005210072474667173;0.3696021982928575;0.0006764429864518842;0;6.1946015171;35.9798831411;0.0174113531553;16.3;179.3;2457733.72761;5.94368688522;5.93912240488;0.893;-9999999;0.029;0.480;0.810;-1.348;-9999999;0.5;899.9983;6.48898972664;6.64576273156;2016-12-11T05:15:48.644;-9999999;K5;198.C-0836(A);Diaz;-9999999;HARPS_ech_obs_all;HARPS_ech_obs_wavesimult;STAR,WAVE,K0
HD45364;2457820.53132;-12.387;1.085;16473.653;1.131;-7.28683271892;0.436520700019;16472.2153338;0.395173472052;-7.28683271892;0.436520700019;1.9150493953707957;7.117532621808671;0.46013373752;0.748587334586;0.44376387182660915;0.0004678132010824377;0.2836514286883311;0.0005474561421621781;0.36914069429504026;0.0006968736984912322;0;6.18404869931;36.0295423039;0.0145417501902;16.3;171.9;2457820.53051;-16.0065230039;-16.0111556433;-0.021;-9999999;0.030;-0.915;0.994;-1.468;-9999999;0.47;899.9982;1.91785013339;7.09505476254;2017-03-08T00:35:04.834;-9999999;K5;198.C-0836(A);Diaz;-9999999;HARPS_ech_obs_all;HARPS_ech_obs_wavesimult;STAR,WAVE,K0
HD45364;2457850.53013;-21.954;0.673;16462.744;0.604;-18.0812953829;0.422905546838;16461.0111433;0.381361503871;-18.0812953829;0.422905546838;-10.199882125088868;5.799827621431312;3.53167065352;0.681152779612;0.44432644991636816;0.00042464495909332566;0.28393345070868964;0.0005026258393235317;0.3613140234783753;0.0006398720319451375;0;6.18739710777;35.9693502736;0.0151563657162;16.3;186.9;2457850.52932;-17.2737077348;-17.2784051781;0.98;-9999999;0.030;-2.142;0.523;-1.763;-9999999;0.49;899.9982;-10.2125390606;5.71894806583;2017-04-07T00:35:30.752;-9999999;K5;198.C-0836(A);Diaz;-9999999;HARPS_ech_obs_all;HARPS_ech_obs_wavesimult;STAR,WAVE,K0
HD45364;2457999.92198;13.688;1.303;16498.543;1.068;19.208371129;0.842929991278;16494.9814069;0.6894201612;19.208371129;0.842929991278;-1.2331480267545294;9.35910272550677;3.80676786514;1.60896067236;0.4529152729153905;0.0008645830376449292;0.27916430251752455;0.0010070448623537372;0.37390439173639517;0.0012961200214900081;0;6.19469010706;35.9631474707;0.0202780673771;16.3;94.7;2457999.92117;15.2824306724;15.2777448245;0.746;-9999999;0.031;-0.495;0.994;-3.593;-9999999;0.53;899.9982;-1.24884916773;9.37627647424;2017-09-03T10:00:50.650;-9999999;K5;198.C-0836(A);Diaz;-9999999;HARPS_ech_obs_all;HARPS_ech_obs_wavesimult;STAR,WAVE,K0
HD45364;2458014.90645;19.632;1.265;16503.769;1.278;25.7126965134;0.783412098137;16503.3394798;0.659225753695;25.7126965134;0.783412098137;4.788320558290671;9.172709451277784;9.2350424994;1.11831248327;0.45041587529671073;0.0008664335848737758;0.27435440548816814;0.0009863262866608312;0.3753975405128411;0.0012848757360424251;0;6.19532644805;35.9516112415;0.0179201069554;16.3;96.0;2458014.90564;16.8340592616;16.8293921236;0.771;-9999999;0.031;0.066;0.994;-0.461;-9999999;0.48;899.9982;4.79991215346;9.1909807567;2017-09-18T09:38:04.968;-9999999;K5;198.C-0836(A);Diaz;-9999999;HARPS_ech_obs_all;HARPS_ech_obs_wavesimult;STAR,WAVE,K0
