target,ra,dec,BJD,RV_mlc_nzp,e_RV_mlc_nzp,RV_drs_nzp,e_RV_drs_nzp,RV_mlc,e_RV_mlc,RV_drs,e_RV_drs,RV_mlc_j,e_RV_mlc_j,CRX,e_CRX,dLW,e_dLW,Halpha,e_Halpha,NaD1,e_NaD1,NaD2,e_NaD2,f_RV,FWHM_DRS,CONTRAST_DRS,BIS,RVGUESS,SNR_DRS,BJD_DRS,BERV,BERV_DRS,DRIFT,e_DRIFT,SA,NZP_mlc,dNZP_mlc,NZP_drs,dNZP_drs,TMMEAN,EXPTIME,MLCRX,E_MLCRX,TIMEID,DRIFT_LAMP,MASK,PROGID,PROGPI,AIRMASS,OBHAB,THAR_FP,DPR_TYPE,RHKp,dRHKp,sourceflag,vsinflag,metflag
HD45364,96.410445,-31.481025,2452984.7092993,9.342271,0.713845,16475.416469,0.699957,31.030068,0.534902,16475.57862,0.474753,31.077655,0.53598,-22.469417,5.694468,-12.918001,1.165844,0.448127,0.000579,0.274455,0.000735,0.380281,0.000951,0,6.144272,36.28258,0.006701,16.307,128.1,2452984.7093,6.184887,6.184224,0.325,-9999999,0,0.323776,0.47271,0.162151,0.514344,0.5,581.9961,-22.455568,5.776736,2003-12-11T04:52:08.085,-9999999,K5,072.C-0488(E),M. Mayor,-9999999,HARPS_ech_obs_all,HARPS_ech_obs_thosimult,STAR_WAVE_K0,1.11718587835342E-05,4.7591313294184E-07,0,0,0
HD45364,96.410445,-31.481025,2452999.8079112,-0.905443,0.986152,16464.757204,0.90834,19.968746,0.865912,16464.597284,0.800101,20.015846,0.867371,-8.774278,9.249399,-25.651853,1.639203,0.444455,0.001075,0.274168,0.001341,0.369041,0.001729,0,6.132159,36.397763,-0.001806,16.307,72,2452999.80791,1.409849,1.410034,-0.088,-9999999,0.000094,-0.489832,0.471903,-0.160014,0.430022,0.54,574.9958,-8.783368,9.283576,2003-12-26T07:13:31.727,-9999999,K5,072.C-0488(E),Mayor,-9999999,HARPS_ech_obs_all,HARPS_ech_obs_thosimult,STAR_WAVE_K0,9.25748786484877E-06,6.36406666280611E-07,0,0,0
HD45364,96.410445,-31.481025,2453002.7117363,-1.231918,0.79131,16465.177388,0.780373,20.731843,0.659649,16466.109323,0.593768,20.863761,0.661472,-7.056124,7.95513,-25.390661,1.310691,0.444522,0.000818,0.274123,0.001018,0.368818,0.001315,0,6.13226,36.390969,-0.001487,16.307,93.8,2453002.71173,0.698154,0.698361,0.176,-9999999,0.000111,0.59974,0.437075,0.931824,0.506381,0.51,569.9955,-7.050696,7.993973,2003-12-29T04:55:21.031,-9999999,K5,072.C-0488(E),Mayor,-9999999,HARPS_ech_obs_all,HARPS_ech_obs_thosimult,STAR_WAVE_K0,8.93155236771538E-06,5.45614294093133E-07,0,0,0
HD45364,96.410445,-31.481025,2453036.6288989,-16.497859,0.895697,16448.365361,1.078316,4.286263,0.671695,16448.734417,0.585787,4.310815,0.673295,-8.563148,7.268743,-16.86966,1.299934,0.44292,0.000703,0.279832,0.000901,0.37942,0.001169,0,6.136235,36.30974,0.001315,16.307,105.3,2453036.6289,-9.19858,-9.198418,0.167,-9999999,0.000322,-0.579899,0.592536,0.368734,0.905328,0.49,900.0013,-8.577482,7.282125,2004-02-01T02:54:16.000,-9999999,K5,072.C-0488(E),Mayor,-9999999,HARPS_ech_obs_all,HARPS_ech_obs_thosimult,STAR_WAVE_K0,8.15055220796942E-06,5.66793630472454E-07,0,0,0
HD45364,96.410445,-31.481025,2453046.5772264,-13.561118,0.909569,16453.639882,0.948687,8.858179,0.526464,16454.570647,0.484934,8.86998,0.527416,-20.975439,5.566343,-10.468443,1.177355,0.439819,0.000615,0.281872,0.000784,0.377176,0.00101,0,6.140641,36.263383,-0.001032,16.307,121.5,2453046.57722,-11.550947,-11.550788,0.094,-9999999,0.000383,1.055276,0.741722,0.930382,0.81538,0.48,732.3973,-20.983972,5.607678,2004-02-11T01:41:50.691,-9999999,K5,072.C-0488(E),Mayor,-9999999,HARPS_ech_obs_all,HARPS_ech_obs_thosimult,STAR_WAVE_K0,9.99389520812195E-06,4.97744642145515E-07,0,0,0
HD45364,96.410445,-31.481025,2453049.5835855,-15.077297,0.746254,16450.803397,0.846728,7.451902,0.41067,16452.817619,0.365224,7.536637,0.412084,-21.469906,4.754095,-11.129951,1.202396,0.445992,0.00045,0.277793,0.000566,0.378363,0.000728,0,6.14416,36.234692,0.002001,16.307,167.8,2453049.58357,-12.246428,-12.246273,-0.184,-9999999,0.000402,1.165178,0.623093,2.01382,0.763911,0.5,886.4961,-21.475966,4.791956,2004-02-14T01:49:38.715,-9999999,K5,072.C-0488(E),Mayor,-9999999,HARPS_ech_obs_all,HARPS_ech_obs_thosimult,STAR_WAVE_K0,1.08410899629299E-05,4.64385137442709E-07,0,0,0
HD45364,96.410445,-31.481025,2453051.6567032,-18.612471,0.889387,16447.658653,0.941207,4.413746,0.582083,16449.876118,0.523105,4.473589,0.583271,-6.640086,5.931362,-8.601572,1.181157,0.443976,0.000656,0.275271,0.000827,0.377185,0.001065,0,6.147238,36.246642,0.000966,16.307,115,2453051.65669,-12.84488,-12.844727,0.401,-9999999,0.000415,1.662196,0.672449,2.21705,0.782453,0.48,610.7972,-6.652154,5.951179,2004-02-16T03:37:33.576,-9999999,K5,072.C-0488(E),Mayor,-9999999,HARPS_ech_obs_all,HARPS_ech_obs_thosimult,STAR_WAVE_K0,9.04431389376391E-06,5.51423057320245E-07,0,0,0
HD45364,96.410445,-31.481025,2453055.6869543,-17.745024,0.843778,16449.089258,1.124395,6.200797,0.623942,16451.581236,0.549275,6.192312,0.624977,-14.81738,6.406178,-2.192841,1.214077,0.441542,0.000695,0.277542,0.000867,0.373493,0.001105,0,6.157397,36.179314,0.006668,16.307,111.1,2453055.68695,-13.714503,-13.714369,0.102,-9999999,0.00044,2.5818,0.568029,2.491538,0.981102,0.49,637.097,-14.83416,6.42836,2004-02-20T04:21:03.443,-9999999,K5,072.C-0488(E),Mayor,-9999999,HARPS_ech_obs_all,HARPS_ech_obs_thosimult,STAR_WAVE_K0,1.06207534047282E-05,4.72239856403461E-07,0,0,0
HD45364,96.410445,-31.481025,2453060.6200065,-24.954353,1.009599,16441.101227,1.094297,-1.34593,0.53451,16443.777779,0.484672,-1.354345,0.536128,-12.522522,6.698661,-17.284758,1.092703,0.443555,0.000611,0.276344,0.000772,0.374035,0.000989,0,6.144843,36.320431,0.0053,16.307,123.4,2453060.62001,-14.506524,-14.50641,0.571,-9999999,0.00047,2.244402,0.856499,2.676082,0.981111,0.49,899.9954,-12.521979,6.695421,2004-02-25T02:42:50.103,-9999999,K5,072.C-0488(E),Mayor,-9999999,HARPS_ech_obs_all,HARPS_ech_obs_thosimult,STAR_WAVE_K0,6.30574059062109E-06,4.90937757850316E-07,0,0,0
HD45364,96.410445,-31.481025,2453335.8217752,-7.074583,0.941374,16458.066813,0.950601,13.221677,0.390611,16457.595173,0.352636,13.344107,0.392862,-0.937417,4.344286,-19.863657,1.158519,0.444632,0.000419,0.280222,0.000533,0.371271,0.000693,0,6.14378,36.367024,-0.002054,16.3,174.8,2453335.82177,9.815918,9.816073,-0.07,-9999999,0.002174,-1.067761,0.856509,-0.473814,0.882774,0.52,875.4827,-0.961855,4.40795,2004-11-26T07:31:53.845,-9999999,K5,072.C-0488(E),Mayor,-9999999,HARPS_ech_obs_all,HARPS_ech_obs_thosimult,STAR_WAVE_K0,6.58734262882042E-06,4.57788083967443E-07,0,0,0
HD45364,96.410445,-31.481025,2453337.8238447,-10.766312,0.951674,16455.232805,1.047906,9.608547,0.414818,16454.884356,0.368109,9.658884,0.416784,6.766986,4.616703,-19.442733,0.856068,0.44635,0.000429,0.280843,0.000541,0.371804,0.000703,0,6.141187,36.327698,-0.002601,16.3,172.5,2453337.82384,9.298692,9.298868,0.168,-9999999,0.002187,-0.989162,0.85651,-0.350636,0.981123,0.52,875.4828,6.756688,4.660308,2004-11-28T07:34:47.089,-9999999,K5,072.C-0488(E),Mayor,-9999999,HARPS_ech_obs_all,HARPS_ech_obs_thosimult,STAR_WAVE_K0,8.65045762556073E-06,4.07950945979005E-07,0,0,0
HD45364,96.410445,-31.481025,2453339.798466,-9.33726,0.95674,16456.365338,1.050987,11.118851,0.426327,16456.052504,0.376811,11.217523,0.428436,8.902039,4.838577,-22.896804,0.944052,0.446868,0.00045,0.274818,0.000564,0.381688,0.000734,0,6.134917,36.342571,-0.00013,16.3,166.1,2453339.79846,8.835015,8.835201,0.383,-9999999,0.002199,-0.90791,0.856503,-0.315033,0.981115,0.51,875.4825,8.890997,4.890038,2004-11-30T06:58:17.917,-9999999,K5,072.C-0488(E),Mayor,-9999999,HARPS_ech_obs_all,HARPS_ech_obs_thosimult,STAR_WAVE_K0,8.04834954686647E-06,4.20908120463428E-07,0,0,0
HD45364,96.410445,-31.481025,2453342.7524611,-7.743139,1.049759,16457.88849,1.105071,12.748942,0.606969,16457.650092,0.508542,12.749209,0.608446,4.323777,5.142779,-14.767523,1.147173,0.445249,0.000622,0.275991,0.000791,0.380603,0.001023,0,6.135687,36.303353,-0.001431,16.3,119.7,2453342.75246,8.139034,8.13922,0.084,-9999999,0.002217,-0.87194,0.856494,-0.240615,0.981106,0.48,899.9825,4.295972,5.19186,2004-12-03T05:52:10.368,-9999999,K5,072.C-0488(E),Mayor,-9999999,HARPS_ech_obs_all,HARPS_ech_obs_thosimult,STAR_WAVE_K0,8.02484413935781E-06,5.64069799673286E-07,0,0,0
HD45364,96.410445,-31.481025,2453377.7408817,-12.273832,0.738641,16454.025326,0.944999,8.035081,0.40126,16453.492162,0.336271,8.047756,0.403253,5.749067,3.545384,-16.078862,0.744854,0.445577,0.000394,0.2696,0.0005,0.366165,0.000649,0,6.137667,36.310381,-0.00163,16.3,186.6,2453377.74088,-2.39354,-2.393341,0.491,-9999999,0.002434,-1.055108,0.620146,-0.535598,0.883145,0.51,899.976,5.7177,3.605704,2005-01-07T05:34:32.341,-9999999,K5,072.C-0488(E),Mayor,-9999999,HARPS_ech_obs_all,HARPS_ech_obs_thosimult,STAR_WAVE_K0,7.07846193418272E-06,4.13601744303108E-07,0,0,0
HD45364,96.410445,-31.481025,2453412.6118701,-11.351295,0.839992,16455.745489,0.834744,9.647905,0.524899,16455.204763,0.441472,9.591765,0.5267,5.871404,4.910247,-18.235747,1.036959,0.443992,0.000538,0.280118,0.00068,0.373334,0.000888,0,6.135014,36.319635,-0.001984,16.3,138.3,2453412.61187,-11.816085,-11.815945,0.18,-9999999,0.00265,-0.364821,0.655795,-0.543376,0.708449,0.5,875.5007,5.874983,4.951342,2005-02-11T02:30:19.610,-9999999,K5,072.C-0488(E),Mayor,-9999999,HARPS_ech_obs_all,HARPS_ech_obs_thosimult,STAR_WAVE_K0,9.39076660914527E-06,5.02632425928582E-07,0,0,0
HD45364,96.410445,-31.481025,2453467.5104037,-5.679776,1.049828,16460.950453,1.105854,14.376723,0.607029,16460.664629,0.510153,14.283273,0.608448,-8.298486,5.451437,-8.414601,1.169851,0.443433,0.000601,0.282409,0.000774,0.376156,0.000999,0,6.143551,36.264469,0.001245,16.3,121.9,2453467.5104,-17.253732,-17.253762,0.329,-9999999,0.00299,-1.307522,0.856537,-0.288814,0.981151,0.53,900.0012,-8.294736,5.489975,2005-04-07T00:07:40.760,-9999999,K5,072.C-0488(E),Mayor,-9999999,HARPS_ech_obs_all,HARPS_ech_obs_thosimult,STAR_WAVE_K0,7.47881479994136E-06,4.96583932357395E-07,0,0,0
HD45364,96.410445,-31.481025,2453674.8068385,4.45435,0.919543,16470.885334,1.017709,25.482306,0.334601,16471.183046,0.270444,25.543056,0.33653,6.331857,4.335979,-9.128397,0.773841,0.448211,0.000341,0.274825,0.000425,0.382695,0.000554,0,6.139374,36.281394,-0.000615,16.3,219.6,2453674.80683,15.23845,15.238519,-0.186,-9999999,0.004274,-0.336065,0.856505,0.293438,0.981117,0.51,900.0008,6.316836,4.455973,2005-10-31T07:11:55.315,-9999999,K5,072.C-0488(E),Mayor,-9999999,HARPS_ech_obs_all,HARPS_ech_obs_thosimult,STAR_WAVE_K0,8.31653929526017E-06,3.44080807273723E-07,0,0,0
HD45364,96.410445,-31.481025,2453695.7230185,-4.452079,1.021055,16462.620748,1.055159,17.960106,0.658734,16462.678444,0.527954,18.047581,0.660814,-1.506963,5.763171,-19.512479,1.354,0.447321,0.000671,0.276023,0.000845,0.380091,0.001092,0,6.13636,36.335599,-0.00165,16.3,111.9,2453695.72302,11.344516,11.344665,-0.393,-9999999,0.004403,1.048164,0.780143,0.053293,0.913578,0.51,270.0019,-1.510946,5.820003,2005-11-21T05:15:14.357,-9999999,K5,072.C-0488(E),Mayor,-9999999,HARPS_ech_obs_all,HARPS_ech_obs_thosimult,STAR_WAVE_K0,6.39675275812041E-06,6.11765708993502E-07,0,0,0
HD45364,96.410445,-31.481025,2453695.7265,-6.161813,1.000163,16461.949044,1.042049,16.249279,0.625862,16462.000196,0.501239,16.278261,0.628165,1.843691,7.180661,-21.461401,1.19221,0.446949,0.00064,0.27596,0.000803,0.379127,0.001037,0,6.132349,36.356013,-0.002584,16.3,117.6,2453695.72649,11.336941,11.337105,-0.206,-9999999,0.004403,1.047071,0.780143,0.046749,0.913578,0.51,270.0026,1.83867,7.221201,2005-11-21T05:20:15.148,-9999999,K5,072.C-0488(E),Mayor,-9999999,HARPS_ech_obs_all,HARPS_ech_obs_thosimult,STAR_WAVE_K0,5.6799872779892E-06,5.91601681598559E-07,0,0,0
HD45364,96.410445,-31.481025,2453695.7299594,-5.991963,0.987194,16461.341063,1.033679,16.418042,0.60492,16461.385713,0.483597,16.510697,0.606997,2.915772,5.293429,-21.11076,1.167683,0.447724,0.000619,0.274993,0.000774,0.379805,0.001002,0,6.13181,36.350934,-0.001362,16.3,121.6,2453695.72995,11.32934,11.329497,-0.341,-9999999,0.004403,1.045984,0.780143,0.040247,0.913578,0.5,269.9989,2.914178,5.352219,2005-11-21T05:25:16.729,-9999999,K5,072.C-0488(E),Mayor,-9999999,HARPS_ech_obs_all,HARPS_ech_obs_thosimult,STAR_WAVE_K0,7.71833647007543E-06,4.44669867140382E-07,0,0,0
HD45364,96.410445,-31.481025,2453695.7334722,-6.107834,0.980351,16461.70291,1.029846,16.301068,0.593686,16461.740958,0.47535,16.400217,0.595872,14.047362,4.887989,-20.089899,1.367285,0.447682,0.00061,0.275525,0.000763,0.380694,0.000988,0,6.130286,36.351812,-0.00174,16.3,123.5,2453695.73347,11.321551,11.321691,-0.298,-9999999,0.004403,1.04488,0.780144,0.033645,0.913579,0.51,270.0001,14.060603,4.948714,2005-11-21T05:30:17.530,-9999999,K5,072.C-0488(E),Mayor,-9999999,HARPS_ech_obs_all,HARPS_ech_obs_thosimult,STAR_WAVE_K0,9.2580685097225E-06,5.41123029247013E-07,0,0,0
HD45364,96.410445,-31.481025,2453695.7369344,-5.376328,1.001444,16461.722386,1.042315,17.031486,0.627906,16461.753927,0.501791,17.131862,0.630091,20.419132,6.339473,-23.438406,1.442861,0.447978,0.000642,0.275619,0.000805,0.383523,0.001046,0,6.127834,36.36364,-0.003428,16.3,117.3,2453695.73693,11.313807,11.313945,0.02,-9999999,0.004403,1.043793,0.780144,0.027138,0.913579,0.5,270.0005,20.424498,6.384413,2005-11-21T05:35:19.350,-9999999,K5,072.C-0488(E),Mayor,-9999999,HARPS_ech_obs_all,HARPS_ech_obs_thosimult,STAR_WAVE_K0,5.98074086336999E-06,5.59056784223139E-07,0,0,0
HD45364,96.410445,-31.481025,2453759.602594,-25.690413,0.949834,16440.524345,1.035509,-4.445627,0.410595,16440.467952,0.3312,-4.495456,0.412379,-3.08146,4.488072,-10.037209,0.87807,0.443708,0.000415,0.274564,0.000523,0.37037,0.000677,0,6.140521,36.276642,-0.002488,16.3,180.4,2453759.60271,-7.063033,-7.063126,0.175,-9999999,0.004799,-0.119235,0.856503,-0.061192,0.981115,0.47,899.9995,-3.072459,4.464379,2006-01-24T02:16:22.109,-9999999,K5,072.C-0488(E),Mayor,-9999999,HARPS_ech_obs_all,HARPS_ech_obs_thosimult,STAR_WAVE_K0,8.23231383170073E-06,3.50943582975335E-07,0,0,0
HD45364,96.410445,-31.481025,2453761.6177523,-27.371579,0.969777,16439.713613,0.83703,-5.736258,0.455119,16439.423317,0.369182,-5.755557,0.457008,-2.055315,3.929229,-12.605947,1.234217,0.443594,0.000462,0.279485,0.000581,0.378622,0.000755,0,6.139911,36.297357,-0.001701,16.3,162.3,2453761.61787,-7.666317,-7.666417,-0.195,-9999999,0.004811,0.2713,0.85635,-0.295107,0.751215,0.48,900.0019,-2.069447,3.890331,2006-01-26T02:38:07.075,-9999999,K5,072.C-0488(E),Mayor,-9999999,HARPS_ech_obs_all,HARPS_ech_obs_thosimult,STAR_WAVE_K0,7.521285966467E-06,3.83524743601153E-07,0,0,0
HD45364,96.410445,-31.481025,2453764.65092,-27.35187,0.910378,16440.27864,0.909676,-4.996365,0.319506,16441.005711,0.254189,-4.930289,0.322185,2.496112,3.988709,-16.349225,0.79118,0.44051,0.000319,0.280268,0.000401,0.369636,0.000519,0,6.134066,36.310963,-0.003355,16.3,235.5,2453764.65104,-8.578163,-8.57826,0.12,-9999999,0.00483,0.991484,0.852469,0.722241,0.873441,0.48,900.0001,2.482236,3.953607,2006-01-29T03:25:59.833,-9999999,K5,072.C-0488(E),Mayor,-9999999,HARPS_ech_obs_all,HARPS_ech_obs_thosimult,STAR_WAVE_K0,6.83036059903993E-06,3.58105365159992E-07,0,0,0
HD45364,96.410445,-31.481025,2453782.6612985,-23.75546,0.695379,16442.846282,0.627139,-2.987469,0.487837,16441.875922,0.390588,-3.007213,0.489763,0.756662,4.0363,-9.525792,1.043917,0.438229,0.000456,0.27794,0.000596,0.375239,0.000762,0,6.141276,36.272647,-0.004185,16.3,160,2453782.66141,-12.95045,-12.950546,1.367,-9999999,0.004942,-0.59603,0.495546,-0.975302,0.490657,0.5,900.0011,0.738719,4.027026,2006-02-16T03:41:34.157,-9999999,K5,072.C-0488(E),Mayor,-9999999,HARPS_ech_obs_all,HARPS_ech_obs_thosimult,STAR_WAVE_K0,7.31497052066689E-06,4.58528467516706E-07,0,0,0
HD45364,96.410445,-31.481025,2453787.6374509,-20.092692,0.85451,16446.710864,0.946947,0.850455,0.388281,16446.412289,0.312556,0.825213,0.390184,7.92019,3.667882,-8.703019,0.896963,0.448355,0.000399,0.282069,0.000496,0.377738,0.000642,0,6.137048,36.265764,-0.002119,16.3,189.9,2453787.63757,-13.898067,-13.898178,-0.32,-9999999,0.004973,-0.420874,0.7612,-0.303548,0.893877,0.5,900.0015,7.909096,3.672133,2006-02-21T03:07:32.708,-9999999,K5,072.C-0488(E),Mayor,-9999999,HARPS_ech_obs_all,HARPS_ech_obs_thosimult,STAR_WAVE_K0,8.33745877650267E-06,3.84967021273214E-07,0,0,0
HD45364,96.410445,-31.481025,2453809.5552789,-12.292172,0.78687,16454.910774,0.807852,7.894465,0.374367,16453.564525,0.30147,7.911294,0.376485,2.270069,3.680343,-9.51868,0.924552,0.443057,0.00037,0.276371,0.000467,0.372711,0.0006,0,6.136751,36.262634,-0.00362,16.3,201.6,2453809.55539,-16.755214,-16.755405,-0.12,-9999999,0.005108,-1.177385,0.692108,-1.351357,0.749493,0.49,899.9981,2.296564,3.72257,2006-03-15T01:10:59.068,-9999999,K5,072.C-0488(E),Mayor,-9999999,HARPS_ech_obs_all,HARPS_ech_obs_thosimult,STAR_WAVE_K0,8.05362429435694E-06,4.0523063946128E-07,0,0,0
HD45364,96.410445,-31.481025,2453811.586117,-12.444899,0.808998,16454.510759,0.85704,9.828854,0.402271,16455.188154,0.32419,9.83757,0.404271,3.248944,4.278454,-8.763018,0.948493,0.444839,0.000414,0.276537,0.000516,0.375836,0.000665,0,6.137571,36.265976,0.000892,16.3,183,2453811.58624,-16.97219,-16.972386,0.566,-9999999,0.005121,0.909732,0.701895,0.672274,0.793359,0.52,899.9999,3.259163,4.324966,2006-03-17T01:55:06.242,-9999999,K5,072.C-0488(E),Mayor,-9999999,HARPS_ech_obs_all,HARPS_ech_obs_thosimult,STAR_WAVE_K0,8.25371400654692E-06,3.27122488911032E-07,0,0,0
HD45364,96.410445,-31.481025,2453814.5782949,-13.012571,0.937797,16454.224067,1.028102,8.039363,0.38191,16453.59119,0.307235,7.977997,0.384305,-2.081854,3.948795,-15.341469,0.890544,0.443286,0.00039,0.282732,0.000488,0.363604,0.000625,0,6.133262,36.295284,-0.001012,16.3,193.6,2453814.57841,-17.156873,-17.157057,-0.095,-9999999,0.005139,-0.312087,0.856509,-0.638016,0.981122,0.49,899.9983,-2.070179,3.987956,2006-03-20T01:44:31.952,-9999999,K5,072.C-0488(E),Mayor,-9999999,HARPS_ech_obs_all,HARPS_ech_obs_thosimult,STAR_WAVE_K0,8.87265766914848E-06,3.57238387602413E-07,0,0,0
HD45364,96.410445,-31.481025,2453815.4914421,-11.580592,0.939161,16456.212323,1.02928,9.539291,0.385164,16455.742693,0.311028,9.537773,0.38736,5.100869,3.717398,-13.060798,0.818497,0.444473,0.000387,0.277596,0.000488,0.37488,0.000627,0,6.137208,36.287266,-0.001681,16.3,193.4,2453815.49157,-17.037393,-17.037644,0.318,-9999999,0.005145,-0.244138,0.856546,-0.474775,0.981162,0.5,900.0009,5.112802,3.764047,2006-03-20T23:39:23.334,-9999999,K5,072.C-0488(E),Mayor,-9999999,HARPS_ech_obs_all,HARPS_ech_obs_thosimult,STAR_WAVE_K0,8.45691276298942E-06,3.56517163609762E-07,0,0,0
HD45364,96.410445,-31.481025,2453817.6060122,-10.290233,0.984066,16457.231778,0.893977,10.874468,0.484551,16456.714575,0.392078,10.865892,0.486592,-0.835409,5.135648,-14.190861,0.845826,0.443333,0.000472,0.282575,0.000604,0.371725,0.000774,0,6.13687,36.291807,-0.002275,16.3,156.3,2453817.60612,-17.353958,-17.354085,0.104,-9999999,0.005158,-0.19932,0.856502,-0.522361,0.803411,0.44,900.0014,-0.841891,5.175131,2006-03-23T02:25:26.571,-9999999,K5,072.C-0488(E),Mayor,-9999999,HARPS_ech_obs_all,HARPS_ech_obs_thosimult,STAR_WAVE_K0,8.95029884438871E-06,4.29989259590851E-07,0,0,0
HD45364,96.410445,-31.481025,2453833.5611555,-1.779753,0.948802,16465.161005,1.034496,19.446965,0.408176,16464.934883,0.327976,19.467962,0.410287,9.398282,4.338132,-10.313787,0.840372,0.444229,0.000415,0.28309,0.000518,0.372909,0.000665,0,6.138373,36.273936,-0.002598,16.3,182.4,2453833.56127,-17.298144,-17.298342,-0.295,-9999999,0.005257,-0.137303,0.856515,-0.231379,0.981128,0.47,900.0002,9.409724,4.420319,2006-04-08T01:21:42.911,-9999999,K5,072.C-0488(E),Mayor,-9999999,HARPS_ech_obs_all,HARPS_ech_obs_thosimult,STAR_WAVE_K0,6.55135215445162E-06,3.79732710591649E-07,0,0,0
HD45364,96.410445,-31.481025,2453861.473591,13.761881,0.96704,16479.017953,0.789627,35.485852,0.448862,16480.260435,0.37011,35.391376,0.450447,0.37124,4.238839,-3.043625,1.087965,0.441969,0.000436,0.277702,0.000562,0.374154,0.00072,0,6.147371,36.231199,-0.003378,16.3,168.2,2453861.4737,-14.231265,-14.231572,-0.229,-9999999,0.00543,0.35995,0.856556,1.237052,0.697517,0.47,899.9981,0.368506,4.349207,2006-05-05T23:17:44.444,-9999999,K5,072.C-0488(E),Mayor,-9999999,HARPS_ech_obs_all,HARPS_ech_obs_thosimult,STAR_WAVE_K0,8.96901648661602E-06,3.86437834374395E-07,0,0,0
HD45364,96.410445,-31.481025,2453863.4740828,10.690412,0.897654,16477.621993,0.99764,33.368803,0.367763,16478.915651,0.296964,33.332036,0.369858,2.788308,4.203791,-10.148114,0.827486,0.447913,0.000378,0.282598,0.000469,0.377384,0.000607,0,6.138151,36.274289,-0.000447,16.3,200.7,2453863.4742,-13.890687,-13.890993,0.363,-9999999,0.005442,1.31437,0.818861,1.288216,0.952417,0.49,900.0006,2.779932,4.319281,2006-05-07T23:18:16.892,-9999999,K5,072.C-0488(E),Mayor,-9999999,HARPS_ech_obs_all,HARPS_ech_obs_thosimult,STAR_WAVE_K0,8.26881633511023E-06,2.96777270527977E-07,0,0,0
HD45364,96.410445,-31.481025,2453865.4674917,12.541159,0.928094,16478.71132,1.021861,33.887047,0.357301,16479.042408,0.28547,33.891074,0.359973,1.316019,3.895823,-16.281929,0.87392,0.444189,0.000362,0.276041,0.00045,0.376878,0.000582,0,6.134346,36.306278,0.000437,16.3,209.3,2453865.46761,-13.527016,-13.527323,0.176,-9999999,0.005455,-0.018133,0.85656,0.325633,0.981176,0.49,900.0014,1.313126,4.009866,2006-05-09T23:08:55.148,-9999999,K5,072.C-0488(E),Mayor,-9999999,HARPS_ech_obs_all,HARPS_ech_obs_thosimult,STAR_WAVE_K0,9.08189615304753E-06,3.4913570009167E-07,0,0,0
HD45364,96.410445,-31.481025,2453868.466017,13.557242,0.965182,16479.779005,1.044953,34.592677,0.444837,16480.112883,0.35947,34.598844,0.446857,-2.901212,5.010556,-8.422014,0.927354,0.448865,0.000451,0.275789,0.000562,0.378807,0.000729,0,6.139853,36.262442,-0.00074,16.3,167.4,2453868.46613,-12.966264,-12.966585,-0.414,-9999999,0.005473,-0.328586,0.856561,0.328405,0.981177,0.49,899.9992,-2.915442,5.108959,2006-05-12T23:06:58.946,-9999999,K5,072.C-0488(E),Mayor,-9999999,HARPS_ech_obs_all,HARPS_ech_obs_thosimult,STAR_WAVE_K0,7.32994340811736E-06,4.39742020685551E-07,0,0,0
HD45364,96.410445,-31.481025,2454077.7798788,-11.746931,0.823696,16454.253599,0.817586,9.091223,0.410502,16453.734286,0.332719,9.095277,0.412289,3.953127,4.431613,-7.0228,0.914315,0.446136,0.000425,0.281902,0.000521,0.371254,0.000676,0,6.140617,36.257479,-0.00313,16.3,180.1,2454077.77999,6.809489,6.809395,-0.116,-9999999,0.006769,-0.525868,0.714117,-0.526082,0.746823,0.49,875.4994,3.975381,4.466405,2006-12-08T06:31:31.145,-9999999,K5,072.C-0488(E),Mayor,-9999999,HARPS_ech_obs_all,HARPS_ech_obs_thosimult,STAR_WAVE_K0,8.30274658247619E-06,3.46382391503761E-07,0,0,0
HD45364,96.410445,-31.481025,2454079.7194637,-12.366944,0.851689,16453.796001,0.936874,9.10812,0.448978,16453.667722,0.362437,9.12742,0.450402,-0.184547,4.244221,-7.327818,1.104762,0.447658,0.000451,0.276632,0.000564,0.379881,0.000728,0,6.143038,36.263919,-0.002253,16.3,167.1,2454079.71958,6.384827,6.384715,0.667,-9999999,0.006781,0.111043,0.723736,-0.13506,0.863928,0.51,875.5003,-0.166381,4.292697,2006-12-10T05:04:10.088,-9999999,K5,072.C-0488(E),Mayor,-9999999,HARPS_ech_obs_all,HARPS_ech_obs_thosimult,STAR_WAVE_K0,7.80249612543235E-06,3.59814351667816E-07,0,0,0
HD45364,96.410445,-31.481025,2454081.7515564,-13.924991,1.005848,16450.713615,1.040544,7.735291,0.527397,16452.159664,0.426436,7.800489,0.529189,8.983641,4.1184,-12.804847,1.155805,0.447168,0.000548,0.274956,0.000676,0.378642,0.000875,0,6.136094,36.299613,-0.001509,16.3,139.8,2454081.75167,5.724141,5.724056,-1.378,-9999999,0.006794,0.296261,0.856494,1.439255,0.949149,0.5,875.4997,8.997972,4.151723,2006-12-12T05:50:28.118,-9999999,K5,072.C-0488(E),Mayor,-9999999,HARPS_ech_obs_all,HARPS_ech_obs_thosimult,STAR_WAVE_K0,9.095044205852E-06,4.13836904247958E-07,0,0,0
HD45364,96.410445,-31.481025,2454115.6538001,-8.730184,1.183228,16457.802935,1.092013,13.410922,1.003674,16457.815877,0.798952,13.426747,1.005703,5.116306,8.365247,-9.890966,1.883663,0.445707,0.001039,0.277193,0.001289,0.377907,0.001677,0,6.147631,36.275607,0.002611,16.3,74.8,2454115.65395,-4.475266,-4.475417,-0.519,-9999999,0.007004,0.777085,0.626631,0.005938,0.744424,0.59,875.5001,5.085769,8.394624,2007-01-15T03:28:16.771,-9999999,K5,072.C-0488(E),Mayor,-9999999,HARPS_ech_obs_all,HARPS_ech_obs_thosimult,STAR_WAVE_K0,8.34043656866885E-06,8.63780136004684E-07,0,0,0
HD45364,96.410445,-31.481025,2454136.6262327,-11.296937,0.668282,16455.284933,0.550413,11.39912,0.394153,16456.628294,0.318757,11.408185,0.396419,3.495659,4.362351,-13.586624,0.930929,0.444757,0.000425,0.275237,0.000517,0.378557,0.000671,0,6.138005,36.30085,-0.002014,16.3,182.4,2454136.62634,-10.27769,-10.277786,0.312,-9999999,0.007134,1.332036,0.53967,1.336227,0.448719,0.47,900.0055,3.50347,4.417672,2007-02-05T02:50:53.399,-9999999,K5,072.C-0488(E),Mayor,-9999999,HARPS_ech_obs_all,HARPS_ech_obs_thosimult,STAR_WAVE_K0,8.06275330194402E-06,3.91638839395637E-07,0,0,0
HD45364,96.410445,-31.481025,2454167.5602775,-8.106765,0.761132,16458.676356,0.732008,13.887365,0.374469,16459.483519,0.300276,13.891664,0.376731,4.181707,4.061449,-13.883497,0.83893,0.442537,0.000372,0.275731,0.000465,0.372851,0.000598,0,6.138361,36.307145,-0.004243,16.3,202.5,2454167.56039,-16.023872,-16.024034,0.327,-9999999,0.007326,0.630109,0.662643,0.799837,0.667586,0.48,899.9951,4.220796,4.125581,2007-03-08T01:17:45.345,-9999999,K5,072.C-0488(E),Mayor,-9999999,HARPS_ech_obs_all,HARPS_ech_obs_thosimult,STAR_WAVE_K0,8.65300777487522E-06,2.98903560208085E-07,0,0,0
HD45364,96.410445,-31.481025,2454171.5636484,-5.74629,0.792221,16460.679349,0.829894,14.883592,0.350146,16459.969428,0.28037,14.881389,0.353136,8.002232,3.665281,-16.773867,1.022671,0.441139,0.000345,0.282778,0.000434,0.369379,0.000555,0,6.135584,36.315629,-0.003003,16.3,217.9,2454171.56376,-16.477457,-16.477616,-0.38,-9999999,0.00735,-0.734139,0.710641,-0.717271,0.781099,0.49,899.9941,8.015748,3.751189,2007-03-12T01:22:46.200,-9999999,K5,072.C-0488(E),Mayor,-9999999,HARPS_ech_obs_all,HARPS_ech_obs_thosimult,STAR_WAVE_K0,7.23662978275119E-06,2.63043653067354E-07,0,0,0
HD45364,96.410445,-31.481025,2454196.5130229,-3.88111,0.957238,16462.901455,1.040328,17.740959,0.427379,16462.956249,0.34587,17.655928,0.429459,1.358038,4.805463,-13.569537,1.008399,0.444425,0.000435,0.282354,0.000541,0.372276,0.000695,0,6.139697,36.292541,-0.00295,16.3,174.6,2454196.51313,-17.297927,-17.298176,0.342,-9999999,0.007505,0.258048,0.856535,0.047289,0.98115,0.49,899.9991,1.381024,4.863124,2007-04-06T00:11:54.356,-9999999,K5,072.C-0488(E),Mayor,-9999999,HARPS_ech_obs_all,HARPS_ech_obs_thosimult,STAR_WAVE_K0,8.52421022331045E-06,3.89639508195342E-07,0,0,0
HD45364,96.410445,-31.481025,2454202.5466003,-1.492649,0.966602,16465.364185,1.047989,19.868246,0.447986,16465.355907,0.368315,19.846076,0.449886,-2.254124,4.82119,-10.74283,0.871758,0.444157,0.000449,0.281158,0.000563,0.366305,0.000729,0,6.141949,36.285673,-0.00464,16.3,167.1,2454202.54672,-17.103607,-17.103815,0.101,-9999999,0.007542,-0.003126,0.856521,-0.01582,0.981134,0.49,899.9965,-2.248572,4.891544,2007-04-12T01:00:44.990,-9999999,K5,072.C-0488(E),Mayor,-9999999,HARPS_ech_obs_all,HARPS_ech_obs_thosimult,STAR_WAVE_K0,7.61419044361984E-06,4.07061496548487E-07,0,0,0
HD45364,96.410445,-31.481025,2454225.5268925,3.02864,1.222437,16471.488396,1.20537,24.542476,0.872187,16471.396755,0.700196,24.435834,0.873775,-4.359074,7.858596,-3.03615,1.750075,0.44314,0.000842,0.276589,0.001086,0.378771,0.001402,0,6.149141,36.230737,-0.001857,16.3,88.5,2454225.52699,-14.495755,-14.495974,0.079,-9999999,0.007684,0.149815,0.856529,-0.099325,0.981143,0.42,899.9996,-4.384913,7.901015,2007-05-05T00:35:09.273,-9999999,K5,072.C-0488(E),Mayor,-9999999,HARPS_ech_obs_all,HARPS_ech_obs_thosimult,STAR_WAVE_K0,6.91746170024104E-06,8.00254624186836E-07,0,0,0
HD45364,96.410445,-31.481025,2454233.4706465,5.62452,1.674287,16471.490444,1.511869,27.149671,1.512215,16472.170182,1.346309,27.168516,1.514574,-8.395381,14.15804,-8.77081,3.690185,0.45164,0.001463,0.277193,0.00191,0.378405,0.002451,0,6.145641,36.257367,0.000133,16.3,52.5,2454233.47074,-13.034251,-13.034541,0.022,-9999999,0.007734,0.16113,0.718639,0.672004,0.687896,0.41,900.0042,-8.425687,14.170548,2007-05-12T23:14:49.500,-9999999,K5,072.C-0488(E),Mayor,-9999999,HARPS_ech_obs_all,HARPS_ech_obs_thosimult,STAR_WAVE_K0,5.82536094460773E-06,1.13698284576465E-06,0,0,0
HD45364,96.410445,-31.481025,2454314.9306668,19.46217,1.048169,16486.328179,1.133163,42.198867,0.698904,16486.636649,0.56688,42.26472,0.700129,10.44371,5.641463,2.631161,1.596959,0.449417,0.000694,0.275714,0.000876,0.382026,0.001136,0,6.150645,36.206495,-0.002255,16.3,108.4,2454314.93078,8.932512,8.932233,0.234,-9999999,0.008238,1.372676,0.781148,0.300232,0.981175,0.5,899.9988,10.439168,5.696664,2007-08-02T10:16:51.194,-9999999,K5,072.C-0488(E),Mayor,-9999999,HARPS_ech_obs_all,HARPS_ech_obs_thosimult,STAR_WAVE_K0,7.29720561736215E-06,7.04556941863752E-07,0,0,0
HD45364,96.410445,-31.481025,2454319.918209,21.588309,1.027909,16488.513896,1.092506,43.523557,0.592955,16488.845811,0.480499,43.562674,0.593976,-3.488213,5.050665,4.828184,1.355768,0.448904,0.000577,0.281014,0.000724,0.373818,0.000943,0,6.155504,36.189062,-0.003118,16.3,129.5,2454319.91833,10.141714,10.141432,0.002,-9999999,0.008269,0.571227,0.839643,0.323646,0.981167,0.49,899.9994,-3.487163,5.088949,2007-08-07T09:58:50.555,-9999999,K5,072.C-0488(E),Mayor,-9999999,HARPS_ech_obs_all,HARPS_ech_obs_thosimult,STAR_WAVE_K0,8.68726305395776E-06,5.04329549952858E-07,0,0,0
HD45364,96.410445,-31.481025,2454343.9149653,13.010364,0.996595,16479.28259,1.064855,34.424351,0.509436,16479.222258,0.413801,34.366838,0.511048,1.039206,4.628043,-8.243948,1.194794,0.448345,0.000507,0.283126,0.000633,0.372196,0.000819,0,6.143368,36.279013,-0.000022,16.3,148.4,2454343.91507,14.793576,14.793256,0.145,-9999999,0.008418,0.049966,0.85655,-0.06875,0.981166,0.47,899.9969,1.028107,4.718415,2007-08-31T09:53:02.677,-9999999,K5,072.C-0488(E),Mayor,-9999999,HARPS_ech_obs_all,HARPS_ech_obs_thosimult,STAR_WAVE_K0,8.11983108282175E-06,5.1527409933061E-07,0,0,0
HD45364,96.410445,-31.481025,2454345.9003658,11.67079,0.861545,16478.672197,0.805485,32.163724,0.393825,16477.235393,0.314463,32.223591,0.395687,-4.912831,4.028442,-9.616116,0.955407,0.446327,0.000388,0.2746,0.000481,0.380049,0.000624,0,6.139072,36.290839,-0.00268,16.3,194.2,2454345.90047,15.107184,15.106894,0.199,-9999999,0.00843,-0.871087,0.766264,-1.445234,0.741565,0.47,899.9976,-4.916683,4.144379,2007-09-02T09:31:52.849,-9999999,K5,072.C-0488(E),Mayor,-9999999,HARPS_ech_obs_all,HARPS_ech_obs_thosimult,STAR_WAVE_K0,7.48139330095872E-06,3.30580595452966E-07,0,0,0
HD45364,96.410445,-31.481025,2454347.8952972,11.478116,1.355815,16477.21899,1.293032,32.917846,1.050988,16477.056454,0.84218,33.008269,1.052884,16.582059,8.796258,-8.378942,1.911534,0.448139,0.001045,0.27423,0.001322,0.374275,0.001716,0,6.151392,36.256151,-0.00595,16.3,73,2454347.89541,15.390892,15.390595,0.356,-9999999,0.008442,0.075709,0.856539,-0.170978,0.981154,0.47,150.0011,16.571448,8.838387,2007-09-04T09:30:18.789,-9999999,K5,072.C-0488(E),Mayor,-9999999,HARPS_ech_obs_all,HARPS_ech_obs_thosimult,STAR_WAVE_K0,9.47520451951861E-06,7.58883897233396E-07,0,0,0
HD45364,96.410445,-31.481025,2454347.8973397,10.90507,1.351511,16475.904956,1.292525,32.344158,1.045428,16475.738581,0.841401,32.343297,1.047261,10.877173,8.780909,-12.455087,2.008309,0.450544,0.001047,0.273669,0.001318,0.377603,0.001721,0,6.142852,36.293333,-0.007255,16.3,73.1,2454347.89745,15.387803,15.387501,0.038,-9999999,0.008442,0.075067,0.85654,-0.174817,0.981155,0.44,150.0006,10.864783,8.825473,2007-09-04T09:33:19.750,-9999999,K5,072.C-0488(E),Mayor,-9999999,HARPS_ech_obs_all,HARPS_ech_obs_thosimult,STAR_WAVE_K0,4.88630852835919E-06,1.00021252036134E-06,0,0,0
HD45364,96.410445,-31.481025,2454347.8994369,10.837054,1.320931,16475.043995,1.269553,32.275483,1.005582,16474.873678,0.805665,32.256072,1.007705,7.231465,8.741371,-11.822115,2.230289,0.448329,0.001009,0.277755,0.00128,0.372296,0.001648,0,6.145701,36.289764,-0.005075,16.3,75.6,2454347.89954,15.384592,15.384301,0.169,-9999999,0.008442,0.074408,0.856541,-0.178759,0.981157,0.44,150.0015,7.215818,8.783578,2007-09-04T09:36:20.941,-9999999,K5,072.C-0488(E),Mayor,-9999999,HARPS_ech_obs_all,HARPS_ech_obs_thosimult,STAR_WAVE_K0,1.08095747136938E-05,7.10446618367251E-07,0,0,0
HD45364,96.410445,-31.481025,2454347.9015544,10.293647,1.277966,16477.037229,1.238168,31.731411,0.948436,16476.862932,0.755241,31.637388,0.950534,8.354263,7.881747,-13.715289,1.992425,0.447915,0.000955,0.274644,0.001201,0.374772,0.001562,0,6.137591,36.302631,-0.006487,16.3,79.9,2454347.90166,15.381311,15.381007,0.251,-9999999,0.008442,0.073743,0.856543,-0.182739,0.981158,0.45,150.0001,8.350329,7.92607,2007-09-04T09:39:22.382,-9999999,K5,072.C-0488(E),Mayor,-9999999,HARPS_ech_obs_all,HARPS_ech_obs_thosimult,STAR_WAVE_K0,4.7103936392209E-06,8.99069140906975E-07,0,0,0
HD45364,96.410445,-31.481025,2454347.9036191,13.303501,1.287427,16479.590712,1.244383,34.740617,0.961146,16479.412535,0.765387,34.749142,0.963158,21.570112,8.608822,-16.699542,2.245199,0.450457,0.000971,0.274916,0.001217,0.370984,0.001573,0,6.14243,36.326244,-0.002302,16.3,79,2454347.90372,15.378074,15.377785,0.395,-9999999,0.008442,0.073095,0.856544,-0.186619,0.981159,0.43,150.0004,21.571578,8.638071,2007-09-04T09:42:23.763,-9999999,K5,072.C-0488(E),Mayor,-9999999,HARPS_ech_obs_all,HARPS_ech_obs_thosimult,STAR_WAVE_K0,7.44615591840841E-06,7.88776374024788E-07,0,0,0
HD45364,96.410445,-31.481025,2454349.887757,11.463753,0.978123,16477.021848,1.020422,32.847381,0.472305,16476.857525,0.379422,32.952191,0.474053,-0.657665,4.162805,-8.401561,1.155998,0.449497,0.000467,0.281117,0.000581,0.379072,0.000753,0,6.144677,36.267779,-0.004739,16.3,161.1,2454349.88787,15.661933,15.661642,0.122,-9999999,0.008455,0.019607,0.856536,-0.172778,0.947259,0.47,899.9996,-0.665173,4.292113,2007-09-06T09:13:26.032,-9999999,K5,072.C-0488(E),Mayor,-9999999,HARPS_ech_obs_all,HARPS_ech_obs_thosimult,STAR_WAVE_K0,6.7901891550157E-06,4.56743580459667E-07,0,0,0
HD45364,96.410445,-31.481025,2454385.8053652,-5.302585,0.955807,16460.434205,0.975417,15.326224,0.607332,16459.303557,0.4902,15.358998,0.608633,-2.913739,5.275781,-2.071453,1.628742,0.444103,0.000607,0.279968,0.000752,0.379646,0.000976,0,6.152355,36.228452,-0.004033,16.3,124.7,2454385.80548,17.197313,17.197158,0.283,-9999999,0.008677,-0.735212,0.738048,-1.139325,0.843293,0.47,899.9969,-2.940283,5.326368,2007-10-12T07:11:54.166,-9999999,K5,072.C-0488(E),Mayor,-9999999,HARPS_ech_obs_all,HARPS_ech_obs_thosimult,STAR_WAVE_K0,5.63062480550198E-06,6.33157723962779E-07,0,0,0
HD45364,96.410445,-31.481025,2454386.7745867,-6.241955,0.848874,16459.223136,0.835626,15.067644,0.446543,16459.317767,0.358637,15.154845,0.4479,-3.741562,4.492216,-0.528789,0.939356,0.444137,0.000442,0.280401,0.000546,0.379714,0.000709,0,6.147824,36.238774,-0.004907,16.3,170.9,2454386.7747,17.194879,17.194743,-0.028,-9999999,0.008683,-0.054423,0.721932,0.085948,0.754751,0.49,899.9957,-3.746424,4.557695,2007-10-13T06:27:12.163,-9999999,K5,072.C-0488(E),Mayor,-9999999,HARPS_ech_obs_all,HARPS_ech_obs_thosimult,STAR_WAVE_K0,7.89337904184674E-06,4.36420649494321E-07,0,0,0
HD45364,96.410445,-31.481025,2454392.827143,-8.674575,0.969725,16457.148875,1.049568,13.171234,0.454704,16457.565563,0.372812,13.245588,0.456333,0.339828,4.625573,-7.87353,1.058258,0.448444,0.000464,0.273268,0.000572,0.381664,0.000746,0,6.141822,36.275929,0.000237,16.3,163.6,2454392.82726,16.661872,16.661702,0.13,-9999999,0.008721,0.481788,0.856511,0.407967,0.981124,0.5,899.9963,0.315093,4.687436,2007-10-19T07:42:14.809,-9999999,K5,072.C-0488(E),Mayor,-9999999,HARPS_ech_obs_all,HARPS_ech_obs_thosimult,STAR_WAVE_K0,7.9619245364091E-06,3.64014914027276E-07,0,0,0
HD45364,96.410445,-31.481025,2454452.7506759,-27.588007,0.81748,16438.248522,0.827397,-5.09056,0.508196,16439.456681,0.413997,-5.098197,0.5099,-5.335087,4.501543,-6.912088,1.128887,0.446186,0.000501,0.27382,0.000624,0.378097,0.000808,0,6.147294,36.261125,-0.004384,16.3,150.8,2454452.75079,3.996136,3.996072,0.632,-9999999,0.009092,1.133426,0.64032,1.199067,0.716374,0.48,900,-5.372927,4.471808,2007-12-18T05:49:09.343,-9999999,K5,072.C-0488(E),Mayor,-9999999,HARPS_ech_obs_all,HARPS_ech_obs_thosimult,STAR_WAVE_K0,7.19413659206353E-06,4.36684060351869E-07,0,0,0
HD45364,96.410445,-31.481025,2454484.6616766,-19.777392,0.942625,16447.888404,1.031286,2.236861,0.393653,16448.353725,0.317783,2.176647,0.395741,-8.855824,4.317664,-10.566005,0.971829,0.443878,0.000379,0.272818,0.000471,0.377029,0.000611,0,6.143788,36.286593,-0.0021,16.3,199.7,2454484.66179,-5.623441,-5.623521,0,-9999999,0.009289,0.650232,0.856492,0.456032,0.981104,0.5,900,-8.843105,4.329959,2008-01-19T03:40:48.982,-9999999,K5,072.C-0488(E),Mayor,-9999999,HARPS_ech_obs_all,HARPS_ech_obs_thosimult,STAR_WAVE_K0,7.18947903725401E-06,2.80909239188254E-07,0,0,0
HD45364,96.410445,-31.481025,2454486.6009615,-18.650774,1.019899,16448.100219,1.080214,3.382551,0.553711,16448.679666,0.451969,3.301718,0.55534,1.502697,4.930819,-7.088801,1.333368,0.443434,0.00057,0.280573,0.000707,0.380369,0.00092,0,6.146587,36.26079,-0.001565,16.3,134.1,2454486.60107,-6.058458,-6.058525,-0.213,-9999999,0.009301,0.669304,0.856503,0.570146,0.981115,0.47,900,1.511969,4.943115,2008-01-21T02:13:53.470,-9999999,K5,072.C-0488(E),Mayor,-9999999,HARPS_ech_obs_all,HARPS_ech_obs_thosimult,STAR_WAVE_K0,7.10643088273652E-06,4.70127562268953E-07,0,0,0
HD45364,96.410445,-31.481025,2454523.627306,-2.96645,0.849648,16464.557102,0.870511,19.124812,0.423555,16465.063638,0.344628,19.10723,0.425993,-3.444934,3.889232,-12.234537,1.032881,0.445337,0.000411,0.282444,0.000519,0.368242,0.000671,0,6.140282,36.293337,-0.002807,16.3,182,2454523.62742,-14.848402,-14.848527,0.089,-9999999,0.009531,0.727241,0.736548,0.497005,0.799388,0.48,900,-3.44566,3.989956,2008-02-27T02:53:35.771,-9999999,K5,072.C-0488(E),Mayor,-9999999,HARPS_ech_obs_all,HARPS_ech_obs_thosimult,STAR_WAVE_K0,8.57405988760578E-06,3.84134559525125E-07,0,0,0
HD45364,96.410445,-31.481025,2454567.4812414,18.578076,0.643942,16485.257299,0.527884,40.964151,0.381183,16486.670376,0.296536,40.864722,0.383632,4.08785,4.721405,-11.638295,0.852833,0.446644,0.000364,0.281194,0.00045,0.367203,0.000583,0,6.143681,36.29041,-0.000233,16.3,209.3,2454567.48135,-17.01217,-17.012427,-0.169,-9999999,0.009802,1.022054,0.519,1.403275,0.436724,0.48,800,4.103993,4.784287,2008-04-10T23:27:33.214,-9999999,K5,072.C-0488(E),Mayor,-9999999,HARPS_ech_obs_all,HARPS_ech_obs_thosimult,STAR_WAVE_K0,6.27511530764107E-06,3.84351200488168E-07,0,0,0
HD45364,96.410445,-31.481025,2455103.8680664,-22.202925,0.999264,16444.457455,0.863875,-2.071703,0.748606,16442.619829,0.605411,-2.008995,0.749889,5.944758,5.760252,-1.324611,1.704965,0.449508,0.000757,0.281433,0.000932,0.379459,0.001208,0,6.158665,36.233069,-0.000401,16.3,101.6,2455103.86806,17.311571,17.311556,0.477,-9999999,0.013124,-1.232799,0.661904,-1.85075,0.616244,0.51,899.9994,5.940471,5.75395,2009-09-29T08:42:37.261,-9999999,K5,183.C-0972(A),Udry,-9999999,HARPS_ech_obs_all,HARPS_ech_obs_thosimult,STAR_WAVE_K0,7.29097661800224E-06,7.13469588723913E-07,0,0,0
HD45364,96.410445,-31.481025,2455279.5296953,21.743458,0.985692,16487.847807,0.949533,43.495708,0.595957,16488.885788,0.485283,43.436709,0.597702,-13.238125,5.297519,-13.80573,1.574944,0.443642,0.000631,0.283311,0.000772,0.370055,0.000988,0,6.13806,36.312938,-0.003414,16.3,123.9,2455279.52968,-17.273106,-17.273085,0.326,-9999999,0.014212,0.388229,0.785127,1.023769,0.816157,0.5,900.0076,-13.233318,5.310512,2010-03-24T00:34:42.986,-9999999,K5,183.C-0972(A),Udry,-9999999,HARPS_ech_obs_all,HARPS_ech_obs_thosimult,STAR_WAVE_K0,6.99740259070433E-06,4.35282366079977E-07,0,0,0
HD45364,96.410445,-31.481025,2455294.539711,22.036513,0.965015,16489.694136,0.877333,43.1558,0.444546,16488.964848,0.365265,43.099545,0.446448,4.077422,4.313054,-7.859127,1.429434,0.4439,0.000457,0.282342,0.000559,0.369425,0.000716,0,6.148391,36.260784,-0.005133,16.3,169.6,2455294.5397,-17.286234,-17.286282,0.07,-9999999,0.014305,-0.244734,0.856523,-0.743593,0.797681,0.5,900.0061,4.085201,4.400423,2010-04-08T00:50:22.658,-9999999,K5,183.C-0972(A),Udry,-9999999,HARPS_ech_obs_all,HARPS_ech_obs_thosimult,STAR_WAVE_K0,7.48491985280922E-06,3.25945141324019E-07,0,0,0
HD45364,96.410445,-31.481025,2455486.8687617,-9.856268,0.73029,16456.033223,0.574455,10.257963,0.558561,16455.221496,0.456825,10.295269,0.559931,0.630962,5.314313,-4.843389,1.397686,0.449074,0.00059,0.27612,0.000709,0.38007,0.000917,0,6.151533,36.257922,-0.006188,16.3,133.5,2455486.86875,16.707835,16.707903,-0.285,-9999999,0.015496,-1.24979,0.47046,-0.827223,0.348295,0.5,900.0008,0.613791,5.350324,2010-10-17T08:42:19.770,-9999999,K5,183.C-0972(A),Udry,-9999999,HARPS_ech_obs_all,HARPS_ech_obs_thosimult,STAR_WAVE_K0,6.05075444826473E-06,4.68364843140921E-07,0,0,0
HD45364,96.410445,-31.481025,2455639.5842603,16.597634,0.807311,16482.730322,0.725078,37.156773,0.453563,16482.705739,0.378155,37.101916,0.455122,3.298642,4.190249,-5.030864,1.474475,0.443255,0.000447,0.281586,0.000544,0.36286,0.000699,0,6.149865,36.248734,-0.003463,16.3,174.1,2455639.58425,-17.099514,-17.099502,0.408,-9999999,0.016442,-0.804882,0.667856,-0.041025,0.618657,0.51,900.0065,3.316821,4.246809,2011-03-19T01:52:43.526,-9999999,K5,183.C-0972(A),Udry,-9999999,HARPS_ech_obs_all,HARPS_ech_obs_thosimult,STAR_WAVE_K0,7.98339836322905E-06,4.68808534223534E-07,0,0,0
HD45364,96.410445,-31.481025,2455641.58706,17.038506,0.766497,16483.447393,0.657271,37.841331,0.459707,16483.373727,0.383631,37.772229,0.46138,-5.068002,4.667433,-5.863968,1.318029,0.44486,0.000467,0.280403,0.00056,0.374071,0.000726,0,6.147825,36.25563,-0.004776,16.3,168.3,2455641.58706,-17.221767,-17.221757,-0.131,-9999999,0.016454,-0.561196,0.613341,-0.09012,0.533697,0.51,900.0076,-5.057642,4.74904,2011-03-21T01:56:55.198,-9999999,K5,183.C-0972(A),Udry,-9999999,HARPS_ech_obs_all,HARPS_ech_obs_thosimult,STAR_WAVE_K0,5.40585569794571E-06,4.51221179522824E-07,0,0,0
HD45364,96.410445,-31.481025,2455653.5599117,19.394281,0.932029,16486.601119,1.027909,41.203184,0.367504,16487.312152,0.306567,41.207902,0.369794,-7.514173,4.376723,-9.687763,1.211463,0.450544,0.000374,0.275122,0.000446,0.375779,0.000578,0,6.144907,36.287188,-0.003658,16.3,211.5,2455653.5599,-17.469547,-17.469541,-0.223,-9999999,0.016528,0.444882,0.856516,0.694505,0.981129,0.49,900.0051,-7.509832,4.454737,2011-04-02T01:19:06.828,-9999999,K5,183.C-0972(A),Udry,-9999999,HARPS_ech_obs_all,HARPS_ech_obs_thosimult,STAR_WAVE_K0,6.85195488733043E-06,2.91689985703132E-07,0,0,0
HD45364,96.410445,-31.481025,2455681.473539,20.679155,0.997148,16487.081581,1.068506,41.834331,0.510506,16487.139166,0.423091,41.730596,0.512043,7.667298,4.861632,-5.72996,1.463465,0.446886,0.000497,0.274827,0.000607,0.377418,0.000787,0,6.150648,36.260585,-0.001521,16.3,155.5,2455681.47354,-15.216165,-15.216219,-0.461,-9999999,0.016701,-0.208845,0.856556,0.040884,0.981173,0.48,900.0004,7.675668,4.90821,2011-04-29T23:17:05.248,-9999999,K5,183.C-0972(A),Udry,-9999999,HARPS_ech_obs_all,HARPS_ech_obs_thosimult,STAR_WAVE_K0,5.10683721069567E-06,5.76715872594219E-07,0,0,0
HD45364,96.410445,-31.481025,2455871.8450963,-17.925072,0.772899,16448.760503,0.785521,5.451926,0.557303,16450.999752,0.46288,5.511422,0.559008,5.701791,5.226644,-15.270895,1.671427,0.447196,0.000588,0.276199,0.000702,0.379989,0.00091,0,6.143534,36.326046,-0.004104,16.3,134.8,2455871.84508,14.243827,14.243892,-0.383,-9999999,0.01788,2.012977,0.535525,2.221369,0.634653,0.52,900.0057,5.703454,5.248451,2011-11-06T08:06:28.997,-9999999,K5,183.C-0972(A),Udry,-9999999,HARPS_ech_obs_all,HARPS_ech_obs_thosimult,STAR_WAVE_K0,5.41651093529168E-06,5.72021848150842E-07,0,0,0
HD45364,96.410445,-31.481025,2456174.9055204,-9.763387,1.123712,16456.234973,1.145611,12.399069,0.727365,16456.59976,0.591396,12.403538,0.728792,-3.252545,7.316827,-5.123486,2.319772,0.44283,0.000694,0.276108,0.000858,0.375071,0.001115,0,6.161082,36.250675,-0.005607,16.3,110.6,2456174.90552,15.459589,15.459531,0.117,-9999999,0.019757,0.798435,0.856545,0.34503,0.98116,0.52,900.0059,-3.277078,7.350387,2012-09-04T09:38:23.260,-9999999,K5,183.C-0972(A),Udry,-9999999,HARPS_ech_obs_all,HARPS_ech_obs_thosimult,STAR_WAVE_K0,7.58234827501713E-06,6.47430263454362E-07,0,0,0
HD45364,96.410445,-31.481025,2456200.8859758,-12.663231,0.769438,16454.475887,0.700744,9.580253,0.613693,16454.701269,0.502962,9.64295,0.61469,-14.156389,5.960131,2.011009,1.536628,0.448727,0.000599,0.275664,0.000722,0.382125,0.00095,0,6.157627,36.2227,-0.003659,16.3,129.4,2456200.88597,17.282833,17.282812,-0.159,-9999999,0.019918,0.879463,0.464128,0.205464,0.487925,0.54,899.9997,-14.164575,5.992106,2012-09-30T09:07:53.165,-9999999,K5,183.C-0972(A),Udry,-9999999,HARPS_ech_obs_all,HARPS_ech_obs_thosimult,STAR_WAVE_K0,7.34851750753891E-06,6.94322720793088E-07,0,0,0
HD45364,96.410445,-31.481025,2456262.8225932,-5.882255,0.695344,16461.61651,0.738812,16.093562,0.51035,16461.736043,0.426525,16.049456,0.511773,-16.820663,7.273969,-3.644182,1.592228,0.447625,0.000554,0.278931,0.000645,0.374197,0.000846,0,6.15201,36.247762,-0.003186,16.3,146.3,2456262.82258,8.51301,8.513117,0.69,-9999999,0.020302,0.611796,0.472278,0.099231,0.603257,0.49,900.0008,-16.833219,7.311482,2012-12-01T07:33:05.841,-9999999,K5,183.C-0972(A),Udry,-9999999,HARPS_ech_obs_all,HARPS_ech_obs_thosimult,STAR_WAVE_K0,6.52146359420509E-06,4.43956462708797E-07,0,0,0
HD45364,96.410445,-31.481025,2456289.7726651,3.528289,0.976662,16472.250472,1.0756,25.490121,0.534178,16470.527513,0.44084,25.462528,0.535572,-19.128844,6.56209,-2.665024,1.330081,0.448682,0.000515,0.272594,0.000614,0.370605,0.0008,0,6.155353,36.238485,-0.002029,16.3,153.1,2456289.77266,0.645344,0.64547,-1.443,-9999999,0.020469,0.597811,0.817632,-1.743428,0.981109,0.49,900.0008,-19.130631,6.60622,2012-12-28T06:20:34.703,-9999999,K5,183.C-0972(A),Udry,-9999999,HARPS_ech_obs_all,HARPS_ech_obs_thosimult,STAR_WAVE_K0,6.32679978964737E-06,5.39059262686851E-07,0,0,0
HD45364,96.410445,-31.481025,2456321.7369696,15.049008,0.733691,16482.709225,0.773017,36.767548,0.527335,16483.054061,0.444009,36.6618,0.528603,-8.231586,6.389606,3.676715,1.745517,0.444228,0.000522,0.274465,0.000628,0.37701,0.000815,0,6.161576,36.197427,-0.004189,16.3,150.5,2456321.73696,-8.816295,-8.816216,-0.186,-9999999,0.020667,0.354519,0.510118,0.324169,0.63278,0.49,900.0009,-8.238539,6.456158,2013-01-29T05:29:47.420,-9999999,K5,183.C-0972(A),Udry,-9999999,HARPS_ech_obs_all,HARPS_ech_obs_thosimult,STAR_WAVE_K0,8.34479379091314E-06,4.76373638252524E-07,0,0,0
HD45364,96.410445,-31.481025,2456362.5572114,20.439046,0.733415,16487.498433,0.718126,42.026892,0.577648,16487.873832,0.478825,41.808532,0.579353,-15.367398,6.863717,-1.72536,1.777118,0.44329,0.000607,0.281393,0.000724,0.374254,0.000936,0,6.155737,36.224305,-0.000886,16.3,131.5,2456362.55721,-16.422776,-16.422752,-0.14,-9999999,0.020919,0.223825,0.451907,0.35448,0.535192,0.5,700.0009,-15.365663,6.885624,2013-03-11T01:15:00.300,-9999999,K5,183.C-0972(A),Udry,-9999999,HARPS_ech_obs_all,HARPS_ech_obs_thosimult,STAR_WAVE_K0,7.57553746824241E-06,5.52831610530024E-07,0,0,0
HD45364,96.410445,-31.481025,2456399.5345494,12.627854,0.71306,16479.262099,0.692538,32.691635,0.463058,16477.844767,0.388091,32.607391,0.464613,-12.941256,6.457538,-2.349495,1.925987,0.44833,0.000445,0.274942,0.000537,0.376051,0.000695,0,6.156961,36.251732,0.000261,16.3,175.7,2456399.53454,-16.699872,-16.699891,0.721,-9999999,0.021148,-1.30024,0.542247,-1.43848,0.57358,0.48,900.0003,-12.936546,6.517427,2013-04-17T00:44:00.823,-9999999,K5,091.C-0936(A),Udry,-9999999,HARPS_ech_obs_all,HARPS_ech_obs_wavesimult,STAR_WAVE_K0,6.79861008148274E-06,4.18608463749586E-07,0,0,0
HD45364,96.410445,-31.481025,2456592.8405013,1.937748,0.901925,16468.44767,1.042899,24.212442,0.52053,16468.877727,0.432739,24.251337,0.521312,-7.369903,5.143969,6.59442,2.032217,0.44864,0.000502,0.279945,0.000608,0.381347,0.000794,0,6.165495,36.191362,-0.004309,16.3,154.3,2456592.84049,15.717035,15.717073,0.616,-9999999,0.022345,0.910673,0.736557,0.407712,0.948881,0.51,900.0015,-7.395729,5.226588,2013-10-27T08:00:42.671,-9999999,K5,192.C-0852(A),Udry,-9999999,HARPS_ech_obs_all,HARPS_ech_obs_wavesimult,STAR_WAVE_K0,7.79692582234134E-06,4.99691180207128E-07,0,0,0
HD45364,96.410445,-31.481025,2456609.8493751,11.087996,0.787126,16477.798304,1.049935,31.904381,0.445887,16477.768042,0.373821,31.978669,0.44711,-3.809966,3.889212,0.668112,2.106485,0.443466,0.000491,0.274936,0.000569,0.381064,0.000741,0,6.158772,36.234033,-0.003032,16.3,165.9,2456609.84937,12.815598,12.815664,0.612,-9999999,0.022451,-0.547636,0.648654,-0.052713,0.981133,0.51,900.0005,-3.79918,3.984832,2013-11-13T08:12:18.871,-9999999,K5,192.C-0852(A),Udry,-9999999,HARPS_ech_obs_all,HARPS_ech_obs_wavesimult,STAR_WAVE_K0,6.82052546043726E-06,4.00697512755194E-07,0,0,0
HD45364,96.410445,-31.481025,2456620.7387031,16.44982,1.12154,16484.375598,1.107882,38.146335,0.766172,16483.845493,0.626476,38.180848,0.767076,-10.087997,7.612002,6.331975,2.19801,0.449913,0.000751,0.275875,0.000911,0.38425,0.001187,0,6.166223,36.157924,-0.001563,16.3,104.5,2456620.7387,10.595505,10.595579,-0.35,-9999999,0.022518,0.332494,0.819043,-0.552623,0.913745,0.51,1200.0005,-10.106937,7.651488,2013-11-24T05:29:47.038,-9999999,K5,192.C-0852(A),Udry,-9999999,HARPS_ech_obs_all,HARPS_ech_obs_wavesimult,STAR_WAVE_K0,8.58057847359302E-06,6.24502181667142E-07,0,0,0
HD45364,96.410445,-31.481025,2456713.6440357,7.157719,0.790202,16474.980153,0.733398,29.7295,0.580894,16475.909256,0.481369,29.672408,0.582183,3.355137,6.513525,8.088115,2.05816,0.445345,0.000553,0.281042,0.000673,0.376044,0.000873,0,6.161389,36.159224,-0.002803,16.3,140.3,2456713.64403,-14.626893,-14.626824,-0.186,-9999999,0.023094,1.20776,0.535706,0.906009,0.553315,0.51,900.0014,3.347083,6.570284,2014-02-25T03:17:09.876,-9999999,K5,192.C-0852(A),Udry,-9999999,HARPS_ech_obs_all,HARPS_ech_obs_thosimult,STAR_WAVE_K0,8.52528641846429E-06,5.097420449622E-07,0,0,0
HD45364,96.410445,-31.481025,2456714.6465214,7.835524,0.890675,16476.386968,0.802961,30.504119,0.803521,16476.708725,0.647987,30.399402,0.80477,-7.822771,8.399596,6.447535,2.464833,0.443833,0.000757,0.281131,0.000935,0.37049,0.001217,0,6.1719,36.158822,-0.005976,16.3,101.9,2456714.64651,-14.80152,-14.801453,-0.276,-9999999,0.0231,1.304574,0.384261,0.298657,0.474194,0.48,900.0007,-7.843988,8.443147,2014-02-26T03:21:15.828,-9999999,K5,192.C-0852(A),Udry,-9999999,HARPS_ech_obs_all,HARPS_ech_obs_thosimult,STAR_WAVE_K0,6.48260149169528E-06,8.40704519892065E-07,0,0,0
HD45364,96.410445,-31.481025,2456715.6315761,7.934033,0.775029,16476.134871,0.783335,30.089233,0.662528,16476.713237,0.544274,30.002101,0.663866,-7.722842,5.480628,5.641591,1.884727,0.446295,0.000667,0.28168,0.000801,0.376799,0.001039,0,6.165706,36.178343,-0.00353,16.3,118.8,2456715.63157,-14.939137,-14.939071,-0.002,-9999999,0.023106,0.791179,0.402152,0.55526,0.563364,0.52,900.0017,-7.718829,5.553054,2014-02-27T02:59:12.711,-9999999,K5,192.C-0852(A),Udry,-9999999,HARPS_ech_obs_all,HARPS_ech_obs_thosimult,STAR_WAVE_K0,5.66754459588759E-06,6.53760829157445E-07,0,0,0
HD45364,96.410445,-31.481025,2456716.6611923,8.579488,0.760969,16475.791511,0.671163,30.363975,0.532587,16476.243201,0.441931,30.382975,0.533948,1.871048,4.580955,7.200452,2.060086,0.444866,0.000517,0.275735,0.000623,0.374208,0.000803,0,6.165322,36.158989,-0.002656,16.3,152.4,2456716.66118,-15.151962,-15.151899,-0.275,-9999999,0.023112,0.420466,0.54353,0.428578,0.50513,0.52,900.0003,1.884861,4.662131,2014-02-28T03:41:55.947,-9999999,K5,192.C-0852(A),Udry,-9999999,HARPS_ech_obs_all,HARPS_ech_obs_thosimult,STAR_WAVE_K0,6.26117107146064E-06,5.54509976652864E-07,0,0,0
HD45364,96.410445,-31.481025,2456720.577773,9.151483,0.678226,16476.348161,0.600698,30.765303,0.527032,16476.531613,0.439646,30.651847,0.528109,-14.960041,5.29431,11.155721,1.646082,0.448257,0.000529,0.281948,0.000635,0.366154,0.000821,0,6.16845,36.154613,-0.00255,16.3,149.1,2456720.57777,-15.584923,-15.584862,-0.053,-9999999,0.023137,0.249799,0.426881,0.160315,0.409329,0.5,900.0006,-14.956062,5.370239,2014-03-04T01:42:23.662,-9999999,K5,192.C-0852(A),Udry,-9999999,HARPS_ech_obs_all,HARPS_ech_obs_thosimult,STAR_WAVE_K0,9.12067742109237E-06,4.46859292380684E-07,0,0,0
HD45364,96.410445,-31.481025,2456724.5537509,4.699601,0.633623,16471.590074,0.658168,26.014538,0.432214,16471.989449,0.364237,25.889403,0.433646,-4.272655,4.403607,8.274567,1.769784,0.444647,0.000422,0.27562,0.000508,0.37388,0.000655,0,6.164931,36.158888,-0.000475,16.3,186.3,2456724.55375,-16.046229,-16.046192,0.07,-9999999,0.023161,-0.049084,0.463324,0.376214,0.548194,0.5,900.0012,-4.260447,4.474723,2014-03-08T01:08:06.150,-9999999,K5,192.C-0852(A),Udry,-9999999,HARPS_ech_obs_all,HARPS_ech_obs_thosimult,STAR_WAVE_K0,8.53374825331104E-06,4.64660364596919E-07,0,0,0
HD45364,96.410445,-31.481025,2456726.5601084,4.513519,0.627142,16472.763482,0.527645,26.37046,0.478287,16473.217604,0.400956,26.279027,0.479492,-0.75317,4.012874,6.178252,1.918121,0.445023,0.000472,0.281488,0.000566,0.366534,0.000733,0,6.164721,36.1749,-0.002345,16.3,167.1,2456726.5601,-16.286322,-16.28626,-0.034,-9999999,0.023174,0.49292,0.405646,0.430948,0.342993,0.51,900.0005,-0.745794,4.085384,2014-03-10T01:17:15.716,-9999999,K5,192.C-0852(A),Udry,-9999999,HARPS_ech_obs_all,HARPS_ech_obs_thosimult,STAR_WAVE_K0,8.29715106218218E-06,4.88147281434429E-07,0,0,0
HD45364,96.410445,-31.481025,2456749.5512456,-0.481771,0.741461,16467.073752,0.797276,21.040282,0.573487,16467.166321,0.476922,21.001651,0.574402,-2.561481,4.238821,5.234246,2.003814,0.448182,0.000575,0.27664,0.000696,0.374094,0.000896,0,6.166026,36.185895,-0.001244,16.3,136.9,2456749.55125,-17.445609,-17.445609,0.087,-9999999,0.023316,0.158032,0.469975,0.069253,0.638901,0.5,900.0013,-2.565099,4.322996,2014-04-02T01:06:31.013,-9999999,K5,192.C-0852(A),Udry,-9999999,HARPS_ech_obs_all,HARPS_ech_obs_wavesimult,STAR_WAVE_K0,6.71009382827763E-06,6.94892677995364E-07,0,0,0
HD45364,96.410445,-31.481025,2456750.6060476,-2.098581,0.938333,16463.801485,0.981427,21.260646,0.705913,16466.018832,0.577432,21.166068,0.707236,-3.245572,6.702859,5.210549,2.537035,0.443473,0.000667,0.277501,0.000828,0.371968,0.001059,0,6.165463,36.195811,-0.001455,16.3,115.7,2456750.60605,-17.504821,-17.504826,0.138,-9999999,0.023323,1.995206,0.618188,2.194024,0.793581,0.48,900.0014,-3.243895,6.745308,2014-04-03T02:25:49.133,-9999999,K5,192.C-0852(A),Udry,-9999999,HARPS_ech_obs_all,HARPS_ech_obs_wavesimult,STAR_WAVE_K0,7.86478401397852E-06,5.43690614912089E-07,0,0,0
HD45364,96.410445,-31.481025,2456751.5051222,-1.209058,0.846456,16466.541932,0.871068,20.968311,0.712458,16467.802977,0.586485,20.786067,0.713376,-2.920227,7.01525,5.745914,2.342839,0.448535,0.000749,0.283491,0.000899,0.376327,0.00116,0,6.167934,36.185724,0.000223,16.3,107,2456751.50511,-17.334826,-17.334831,-0.006,-9999999,0.023328,0.813348,0.457047,1.237717,0.644046,0.51,900.0008,-2.92162,7.058222,2014-04-04T00:00:06.634,-9999999,K5,192.C-0852(A),Udry,-9999999,HARPS_ech_obs_all,HARPS_ech_obs_wavesimult,STAR_WAVE_K0,1.11968267360198E-05,5.90571933248798E-07,0,0,0
HD45364,96.410445,-31.481025,2456989.8249058,10.808675,1.107539,16476.533039,1.118831,32.187712,0.879226,16476.227803,0.713496,32.207336,0.880324,-15.252403,7.508104,5.787082,2.784688,0.44771,0.000913,0.278051,0.001085,0.380188,0.0014,0,6.165968,36.167822,-0.004545,16.3,89.1,2456989.8249,9.43618,9.436256,0.244,-9999999,0.024804,0.015016,0.673501,-0.33004,0.861804,0.38,900.0018,-15.271484,7.545711,2014-11-28T07:38:13.580,-9999999,K5,192.C-0852(A),Udry,-9999999,HARPS_ech_obs_all,HARPS_ech_obs_wavesimult,STAR_WAVE_K0,8.66258238685169E-06,7.12589551436728E-07,0,0,0
HD45364,96.410445,-31.481025,2456993.7781084,11.438646,0.895629,16477.665891,0.936173,33.197063,0.588039,16477.731001,0.488791,33.184998,0.588467,-10.588844,6.242106,11.651185,2.284571,0.446102,0.000594,0.28131,0.000712,0.371429,0.000926,0,6.168179,36.141529,0.000478,16.3,132.6,2456993.77811,8.487503,8.487573,-0.03,-9999999,0.024829,0.394396,0.675546,0.040281,0.798438,0.51,900.0012,-10.59295,6.296114,2014-12-02T06:28:43.013,-9999999,K5,192.C-0852(A),Udry,-9999999,HARPS_ech_obs_all,HARPS_ech_obs_wavesimult,STAR_WAVE_K0,1.12738893449693E-05,5.38218606699612E-07,0,0,0
HD45364,96.410445,-31.481025,2457034.7458017,20.453378,0.797393,16487.066483,0.936358,41.752891,0.544733,16487.297857,0.452394,41.733881,0.545328,-9.214548,5.122922,5.987956,2.020741,0.444183,0.000595,0.275469,0.000696,0.369409,0.000901,0,6.165596,36.186223,-0.002001,16.3,136.9,2457034.7458,-3.763219,-3.763142,0.148,-9999999,0.025082,-0.064508,0.582324,0.206292,0.819821,0.49,900.0017,-9.224843,5.182189,2015-01-12T05:41:59.227,-9999999,K5,192.C-0852(A),Udry,-9999999,HARPS_ech_obs_all,HARPS_ech_obs_wavesimult,STAR_WAVE_K0,6.46310370031543E-06,5.97674937579699E-07,0,0,0
HD45364,96.410445,-31.481025,2457037.6809768,19.398236,0.950632,16486.687205,1.033251,41.498827,0.557909,16487.630801,0.464273,41.475584,0.558951,-7.146648,4.823868,4.671214,2.607643,0.444897,0.000582,0.273951,0.000692,0.376025,0.000896,0,6.164979,36.189058,-0.004501,16.3,137.3,2457037.68097,-4.523429,-4.523314,0.207,-9999999,0.0251,0.73657,0.769701,0.918496,0.92307,0.43,900.0009,-7.152347,4.900483,2015-01-15T04:09:35.756,-9999999,K5,192.C-0852(A),Udry,-9999999,HARPS_ech_obs_all,HARPS_ech_obs_wavesimult,STAR_WAVE_K0,6.8871637704075E-06,4.25173918783453E-07,0,0,0
HD45364,96.410445,-31.481025,2457045.665149,20.876413,0.692572,16488.932173,0.710019,41.132312,0.374704,16487.558474,0.316197,41.063949,0.376149,-1.402289,4.889711,5.142035,1.988554,0.444826,0.000376,0.281613,0.000446,0.378554,0.00058,0,6.162137,36.196808,-0.003578,16.3,211.4,2457045.66515,-6.855749,-6.855665,0.657,-9999999,0.02515,-1.108122,0.582454,-1.398849,0.635725,0.49,900.0015,-1.400112,4.96071,2015-01-23T03:46:07.184,-9999999,K5,192.C-0852(A),Udry,-9999999,HARPS_ech_obs_all,HARPS_ech_obs_wavesimult,STAR_WAVE_K0,7.54279313151657E-06,3.52595915518794E-07,0,0,0
HD45364,96.410445,-31.481025,2457049.6661634,19.710754,0.775168,16486.679405,0.841526,40.155102,0.460445,16486.067575,0.386436,40.060474,0.461825,-10.17914,4.484337,0.138529,1.998979,0.442626,0.000525,0.275154,0.000609,0.378408,0.00079,0,6.158982,36.218041,-0.002212,16.3,156.9,2457049.66616,-7.98731,-7.987224,0.442,-9999999,0.025175,-0.919673,0.623599,-0.637005,0.747551,0.52,900.0003,-10.191257,4.568907,2015-01-27T03:47:16.285,-9999999,K5,192.C-0852(A),Udry,-9999999,HARPS_ech_obs_all,HARPS_ech_obs_wavesimult,STAR_WAVE_K0,7.07241180958774E-06,3.83975884860193E-07,0,0,0
HD45364,96.410445,-31.481025,2457064.6790965,21.505403,0.719365,16488.83328,0.717264,42.191681,0.556196,16488.199775,0.46304,42.104813,0.556933,-10.200013,6.160303,12.726303,2.494597,0.439787,0.000558,0.27542,0.000675,0.377737,0.000873,0,6.174084,36.1316,-0.004711,16.3,141.5,2457064.6791,-11.823249,-11.823182,0.046,-9999999,0.025268,-0.677743,0.456215,-0.658773,0.547779,0.5,900.0009,-10.19515,6.192658,2015-02-11T04:06:54.122,-9999999,K5,192.C-0852(A),Udry,-9999999,HARPS_ech_obs_all,HARPS_ech_obs_wavesimult,STAR_WAVE_K0,6.61602279926464E-06,5.67633782063711E-07,0,0,0
HD45364,96.410445,-31.481025,2457066.6058791,21.248291,0.83142,16489.099945,0.779447,42.191224,0.691355,16488.344761,0.567587,42.19031,0.692215,-4.066871,6.910333,9.304795,2.585239,0.44418,0.000731,0.275971,0.000881,0.377502,0.001138,0,6.173578,36.157299,-0.000511,16.3,109.4,2457066.60587,-12.118205,-12.118118,-0.083,-9999999,0.02528,-0.421088,0.461831,-0.780464,0.534213,0.51,900.0012,-4.064576,6.931973,2015-02-13T02:21:25.709,-9999999,K5,192.C-0852(A),Udry,-9999999,HARPS_ech_obs_all,HARPS_ech_obs_wavesimult,STAR_WAVE_K0,7.84090056821948E-06,7.17547870049307E-07,0,0,0
HD45364,96.410445,-31.481025,2457298.8818885,9.145597,1.202241,16492.805034,1.263498,12.268031,0.580232,16493.965602,0.499734,46.800672,0.598493,16.497885,11.501161,38.8838,3.76179,0.449824,0.000649,0.271392,0.000743,0.380563,0.000966,0,6.187415,36.018617,0.016462,16.3,125.6,2457298.88188,17.303909,17.303899,-0.666,-9999999,0.026718,1.279522,1.052955,1.13385,1.160471,0.57,899.9983,16.495369,11.483135,2015-10-03T09:01:21.329,-9999999,K5,192.C-0852(A),Udry,-9999999,HARPS_ech_obs_all,HARPS_ech_obs_wavesimult,STAR_WAVE_K0,7.68393115975104E-06,5.20234733269635E-07,0,0,0
HD45364,96.410445,-31.481025,2457371.7150781,11.511986,0.863217,16495.604852,0.946258,14.564791,0.412527,16497.285498,0.36371,49.57964,0.435662,8.570134,8.593678,33.103492,3.311223,0.448095,0.000479,0.280729,0.000545,0.37523,0.000703,0,6.183818,36.040498,0.014885,16.3,171.1,2457371.71507,5.008979,5.009081,-0.138,-9999999,0.027169,1.209894,0.758264,1.653477,0.873567,0.47,899.9983,8.561148,8.558558,2015-12-15T04:58:07.850,-9999999,K5,192.C-0852(A),Udry,-9999999,HARPS_ech_obs_all,HARPS_ech_obs_wavesimult,STAR_WAVE_K0,8.62770600905885E-06,4.07646981461228E-07,0,0,0
HD45364,96.410445,-31.481025,2457389.6816542,7.499906,0.622687,16491.742914,0.612766,8.937584,0.316359,16491.535882,0.287444,43.909674,0.344484,-4.219935,8.378347,29.962843,3.311618,0.447434,0.000376,0.280474,0.000425,0.373685,0.000547,0,6.182531,36.054767,0.012741,16.3,219.3,2457389.68165,-0.43711,-0.437013,0.374,-9999999,0.02728,-0.405234,0.536336,-0.234312,0.541164,0.51,899.9982,-4.215933,8.369291,2016-01-02T04:09:12.237,-9999999,K5,192.C-0852(A),Udry,-9999999,HARPS_ech_obs_all,HARPS_ech_obs_wavesimult,STAR_WAVE_K0,7.52077197609934E-06,2.94561139699411E-07,0,0,0
HD45364,96.410445,-31.481025,2457396.755631,7.083699,0.887365,16491.890142,0.906995,7.956085,0.387294,16491.511003,0.347015,43.073958,0.410213,-0.448383,7.869431,28.911476,3.484357,0.450454,0.000426,0.270965,0.000489,0.371129,0.00063,0,6.181081,36.064476,0.013886,16.3,189.8,2457396.75562,-2.794376,-2.794239,-0.093,-9999999,0.027324,-0.970526,0.798385,-0.406463,0.837985,0.49,899.9983,-0.463107,7.928481,2016-01-09T05:56:04.962,-9999999,K5,192.C-0852(A),Udry,-9999999,HARPS_ech_obs_all,HARPS_ech_obs_wavesimult,STAR_WAVE_K0,7.84868928845896E-06,3.64132543410926E-07,0,0,0
HD45364,96.410445,-31.481025,2457399.7882153,5.933855,0.709773,16490.210438,0.638615,9.107056,0.5973,16491.39318,0.512521,44.498963,0.613957,10.39022,13.009039,31.113867,3.705541,0.448223,0.00066,0.278842,0.000763,0.376401,0.000988,0,6.186168,36.060395,0.012914,16.3,122.9,2457399.7882,-3.781879,-3.781771,-2.491,-9999999,0.027343,1.33029,0.38342,1.155399,0.380988,0.51,899.9983,10.389424,13.03948,2016-01-12T06:42:44.923,-9999999,K5,192.C-0852(A),Udry,-9999999,HARPS_ech_obs_all,HARPS_ech_obs_wavesimult,STAR_WAVE_K0,6.39057477153825E-06,6.10877487528495E-07,0,0,0
HD45364,96.410445,-31.481025,2457417.6852682,0.613115,0.998439,16484.871331,1.066061,3.177215,0.40126,16486.344358,0.357528,38.478743,0.421586,-2.123237,9.808383,30.027456,3.510474,0.441806,0.00044,0.280653,0.000512,0.369049,0.000662,0,6.185093,36.047747,0.015237,16.3,183.1,2457417.68526,-8.765343,-8.765232,-0.203,-9999999,0.027454,0.721189,0.91426,1.445573,1.00432,0.49,899.9982,-2.123554,9.840822,2016-01-30T04:15:19.881,-9999999,K5,192.C-0852(A),Udry,-9999999,HARPS_ech_obs_all,HARPS_ech_obs_wavesimult,STAR_WAVE_K0,8.35982253844618E-06,3.95832738127615E-07,0,0,0
HD45364,96.410445,-31.481025,2457421.6470202,-0.806752,0.550788,16483.67979,0.709008,2.109867,0.321312,16485.158883,0.293286,37.143741,0.346363,18.347659,9.782435,27.34708,3.45711,0.441848,0.000339,0.275266,0.000398,0.375436,0.000512,0,6.181642,36.069064,0.014673,16.3,234.8,2457421.64701,-9.738481,-9.738382,0.258,-9999999,0.027478,1.073708,0.447354,1.451615,0.645504,0.51,899.9982,18.372515,9.814847,2016-02-03T03:20:07.672,-9999999,K5,192.C-0852(A),Udry,-9999999,HARPS_ech_obs_all,HARPS_ech_obs_wavesimult,STAR_WAVE_K0,9.09694458215875E-06,3.98465793602719E-07,0,0,0
HD45364,96.410445,-31.481025,2457429.6378204,-1.34717,1.310398,16483.658473,1.402196,0.676025,0.442571,16484.01965,0.39321,35.986256,0.462191,7.1827,8.678488,29.605528,3.274842,0.451562,0.000498,0.282309,0.000575,0.377246,0.000743,0,6.185182,36.06721,0.015414,16.3,162.8,2457429.63782,-11.69047,-11.690396,-1.585,-9999999,0.027528,0.180284,1.233399,0.333649,1.345934,0.5,899.9983,7.196936,8.720979,2016-02-11T03:07:26.257,-9999999,K5,192.C-0852(A),Udry,-9999999,HARPS_ech_obs_all,HARPS_ech_obs_wavesimult,STAR_WAVE_K0,7.03201193788765E-06,4.40323067503724E-07,0,0,0
HD45364,96.410445,-31.481025,2457462.5344002,-6.580642,0.575008,16477.334647,0.594237,-4.448,0.314854,16477.950053,0.291482,30.54956,0.345781,0.99969,10.735921,29.631387,3.340692,0.444883,0.000342,0.283462,0.000399,0.366835,0.000506,0,6.185209,36.03771,0.012504,16.3,235.1,2457462.5344,-16.756932,-16.756893,-0.184,-9999999,0.027732,0.289731,0.481146,0.587674,0.517838,0.51,899.9983,1.018095,10.778628,2016-03-15T00:40:39.340,-9999999,K5,192.C-0852(A),Udry,-9999999,HARPS_ech_obs_all,HARPS_ech_obs_wavesimult,STAR_WAVE_K0,8.31090309041732E-06,3.78946768410881E-07,0,0,0
HD45364,96.410445,-31.481025,2457464.5283539,-8.040363,0.617874,16475.656738,0.70354,-5.367149,0.445092,16477.258702,0.396454,29.803998,0.46819,-11.535222,8.139737,33.072458,3.263939,0.451105,0.000511,0.277652,0.000592,0.370439,0.000754,0,6.188622,36.036946,0.014772,16.3,159.3,2457464.52835,-16.894902,-16.894866,0.262,-9999999,0.027744,0.830303,0.428557,1.57422,0.5812,0.49,899.9982,-11.556483,8.193991,2016-03-17T00:32:24.554,-9999999,K5,192.C-0852(A),Udry,-9999999,HARPS_ech_obs_all,HARPS_ech_obs_wavesimult,STAR_WAVE_K0,9.65471549086935E-06,4.25119587265021E-07,0,0,0
HD45364,96.410445,-31.481025,2457474.5096907,-9.428521,0.644022,16475.224861,0.67072,-7.912491,0.372628,16475.616768,0.337434,27.245838,0.398502,6.370856,11.64685,31.16484,3.325774,0.44454,0.000381,0.283321,0.000454,0.361474,0.000579,0,6.18447,36.030316,0.014481,16.3,205.9,2457474.50969,-17.316449,-17.316442,0.147,-9999999,0.027806,-0.326881,0.525274,0.364101,0.579658,0.49,899.9982,6.377723,11.685314,2016-03-27T00:06:21.045,-9999999,K5,192.C-0852(A),Udry,-9999999,HARPS_ech_obs_all,HARPS_ech_obs_wavesimult,STAR_WAVE_K0,8.57979718101012E-06,4.49080776141176E-07,0,0,0
HD45364,96.410445,-31.481025,2457479.5307351,-11.564802,0.641713,16472.664062,0.628858,-9.51573,0.419215,16473.453986,0.37543,25.559463,0.442651,-4.704893,12.978652,26.930446,3.497817,0.443647,0.000444,0.284176,0.000526,0.366667,0.000666,0,6.178921,36.065357,0.014309,16.3,178.8,2457479.53073,-17.403852,-17.403857,-0.187,-9999999,0.027837,0.20616,0.485854,0.762087,0.504494,0.49,899.9982,-4.696346,13.006671,2016-04-01T00:37:04.188,-9999999,K5,192.C-0852(A),Udry,-9999999,HARPS_ech_obs_all,HARPS_ech_obs_wavesimult,STAR_WAVE_K0,8.61392846462813E-06,4.48525903147002E-07,0,0,0
HD45364,96.410445,-31.481025,2457691.8846255,10.562947,0.801021,16493.985734,0.708761,13.238579,0.434883,16494.753204,0.38521,48.006922,0.45779,24.822314,8.864745,46.069131,3.475954,0.449316,0.000473,0.282149,0.000553,0.38251,0.000709,0,6.194117,35.935762,0.013189,16.3,170.5,2457691.88462,15.181507,15.18156,0.084,-9999999,0.029152,0.832721,0.672689,0.738318,0.594941,0.53,899.9983,24.813389,8.869444,2016-10-30T09:03:40.839,-9999999,K5,198.C-0836(A),Diaz,-9999999,HARPS_ech_obs_all,HARPS_ech_obs_wavesimult,STAR_WAVE_K0,7.12646086859622E-06,4.5144859852097E-07,0,0,0
HD45364,96.410445,-31.481025,2457714.8673761,-30.360311,20.019366,16520.434007,7.827858,-28.103861,19.995448,16520.73742,7.760646,11.896278,19.988746,-166.824868,203.887942,137.842313,41.349283,0.448803,0.020315,0.2339,0.02847,0.345686,0.036184,64,6.267049,33.764101,-0.017875,16.3,5.6,2457714.86737,10.731452,10.731555,0,-9999999,0.029294,0.413539,0.978294,0.274119,1.023585,0.59,4.9983,-168.67343,203.830809,2016-11-22T08:45:16.865,-9999999,K5,198.C-0836(A),Diaz,-9999999,HARPS_ech_obs_all,HARPS_ech_obs_wavesimult,STAR_WAVE_K0,1.39578431564804E-05,4.2018317289851E-06,0,0,0
HD45364,96.410445,-31.481025,2457716.7614782,16.842024,0.867567,16501.236135,0.774003,19.667851,0.578592,16502.370226,0.499912,54.435085,0.59633,2.6302,11.558376,28.35131,3.610645,0.448579,0.000636,0.28086,0.00074,0.377385,0.000956,0,6.181835,36.057528,0.013627,16.3,126.2,2457716.76147,10.494535,10.494629,1.454,-9999999,0.029306,0.982916,0.646454,1.104785,0.590904,0.48,899.9983,2.635353,11.486316,2016-11-24T06:05:32.420,-9999999,K5,198.C-0836(A),Diaz,-9999999,HARPS_ech_obs_all,HARPS_ech_obs_wavesimult,STAR_WAVE_K0,7.61316183277262E-06,4.37165011263192E-07,0,0,0
HD45364,96.410445,-31.481025,2457733.7276178,18.043651,0.903069,16504.07437,0.693117,20.385091,0.394086,16503.193833,0.348666,55.553339,0.41865,10.280975,10.369189,40.149262,3.344104,0.450888,0.000458,0.278813,0.000521,0.369602,0.000676,0,6.194602,35.979883,0.017411,16.3,179.3,2457733.72761,5.939013,5.939122,0.893,-9999999,0.029411,0.498529,0.812546,-0.909948,0.599035,0.5,899.9983,10.280392,10.272176,2016-12-11T05:15:48.644,-9999999,K5,198.C-0836(A),Diaz,-9999999,HARPS_ech_obs_all,HARPS_ech_obs_wavesimult,STAR_WAVE_K0,9.44324467146792E-06,3.51266289991834E-07,0,0,0
HD45364,96.410445,-31.481025,2457820.5305159,-12.915588,1.308451,16473.996066,1.381022,-11.940417,0.436533,16472.215334,0.395173,23.433798,0.459627,7.335718,8.833067,32.436303,3.441171,0.443764,0.000468,0.283651,0.000547,0.369141,0.000697,0,6.184049,36.029542,0.014542,16.3,171.9,2457820.53051,-16.011177,-16.011156,-0.021,-9999999,0.029949,-0.86774,1.233484,-1.810681,1.323276,0.47,899.9982,7.369268,8.875682,2017-03-08T00:35:04.834,-9999999,K5,198.C-0836(A),Diaz,-9999999,HARPS_ech_obs_all,HARPS_ech_obs_wavesimult,STAR_WAVE_K0,8.37724105655381E-06,4.90522124893236E-07,0,0,0
HD45364,96.410445,-31.481025,2457850.5293335,-22.320784,0.763249,16463.098751,0.639204,-22.756161,0.422923,16461.011143,0.381362,12.903536,0.448771,-3.658771,8.846343,35.417593,3.466102,0.444326,0.000425,0.283933,0.000503,0.361314,0.00064,0,6.187397,35.96935,0.015156,16.3,186.9,2457850.52932,-17.278382,-17.278405,0.98,-9999999,0.030134,-2.278288,0.635363,-2.117742,0.512976,0.49,899.9982,-3.638179,8.866595,2017-04-07T00:35:30.752,-9999999,K5,198.C-0836(A),Diaz,-9999999,HARPS_ech_obs_all,HARPS_ech_obs_wavesimult,STAR_WAVE_K0,8.16551383503165E-06,5.76928380718092E-07,0,0,0
HD45364,96.410445,-31.481025,2457999.9211788,13.634922,1.270534,16496.864514,1.238213,14.556362,0.842935,16494.981407,0.68942,49.396025,0.856895,2.467544,9.41091,38.654923,3.704149,0.452915,0.000865,0.279253,0.001007,0.374054,0.001297,0,6.19469,35.963147,0.020278,16.3,94.7,2457999.92117,15.277777,15.277745,0.746,-9999999,0.03106,-0.921471,0.950641,-1.914167,1.028528,0.53,899.9982,2.461186,9.3648,2017-09-03T10:00:50.650,-9999999,K5,198.C-0836(A),Diaz,-9999999,HARPS_ech_obs_all,HARPS_ech_obs_wavesimult,STAR_WAVE_K0,-9999999,-9999999,-9999999,-9999999,-9999999
HD45364,96.410445,-31.481025,2458014.9056498,19.729618,1.46128,16503.707071,1.498853,21.05819,0.783417,16503.33948,0.659226,55.715971,0.796894,8.658411,9.215515,42.76388,3.95995,0.446538,0.000867,0.274354,0.000986,0.375416,0.001285,0,6.195326,35.951611,0.01792,16.3,96,2458014.90564,16.829403,16.829392,0.771,-9999999,0.031152,-0.514339,1.233531,-0.398743,1.346098,0.48,899.9982,8.650076,9.087723,2017-09-18T09:38:04.968,-9999999,K5,198.C-0836(A),Diaz,-9999999,HARPS_ech_obs_all,HARPS_ech_obs_wavesimult,STAR_WAVE_K0,7.24603195621185E-06,7.61879843802854E-07,0,0,0
